Chain ID A,XL A,Chain ID C,XL C
 1,K666, 1,K890
 9,K264, 5,K163
 9,K264, 5,K163
 9,K264, 5,K163
 9,K264, 5,K163
 6,K296, 5,K382
 6,K296, 5,K382
 6,K296, 5,K382
 6,K296, 5,K382
 6,K296, 5,K382
 6,K296, 5,K382
 6,K296, 5,K382
 6,K296, 5,K382
 6,K296, 5,K382
 6,K296, 5,K382
 6,K296, 5,K382
 6,K296, 5,K382
 6,K296, 5,K382
 6,K296, 5,K382
 6,K296, 5,K382
 6,K296, 5,K382
 6,K296, 5,K382
 6,K296, 5,K382
 9,K152, 8,K180
 9,K215, 8,K28
 1,K574, 8,K127
 1,K574, 8,K127
 1,K574, 8,K127
 1,K574, 8,K127
 1,K574, 8,K199
 6,K84, 8,K288
 6,K84, 8,K288
 6,K84, 8,K288
 6,K84, 8,K288
 3,K368, 2,K321;K329
 3,K294, 2,K132
 H,K422, I,K350
 H,K422, I,K350
 H,K422, I,K350
 H,K422, I,K350
 H,K422, I,K350
 H,K422, I,K350
 H,K422, I,K350
 2,K105, L,K34
 2,K105, L,K34
 2,K105, L,K34
 2,K105, L,K34
 2,K105, L,K27
 2,K105, L,K34
 2,K105, L,K34
 2,K105, L,K34
 2,K105, L,K34
 2,K105, L,K34
 H,K116, L,K206
 H,K116, L,K206
 H,K116, L,K206
 H,K116, L,K206
 H,K116, L,K206
 H,K116, L,K206
 H,K116, L,K206
 H,K116, L,K206
 H,K116, L,K206
 H,K116, L,K206
 H,K116, L,K206
 H,K116, L,K206
 H,K116, L,K206
 H,K116, L,K206
 H,K116, L,K206
 H,K116, L,K206
 H,K116, L,K206
 H,K116, L,K206
 L,K42, 0,K81
 L,K42, 0,K81
 L,K42, 0,K81
 L,K42, 0,K81
 L,K42, 0,K81
 L,K42, 0,K81
 L,K42, 0,K81
 L,K42, 0,K81
 L,K42, 0,K81
 L,K42, 0,K81
 L,K42, 0,K81
 L,K42, 0,K81
 L,K42, 0,K81
 L,K42, 0,K81
 L,K42, 0,K74
 L,K42, 0,K81
 0,K70, 0,K81
 0,K70, 0,K81
 0,K70, 0,K81
 0,K70, 0,K81
 0,K70, 0,K81
 0,K70, 0,K81
 0,K70, 0,K81
 0,K70, 0,K81
 0,K70, 0,K81
 0,K70, 0,K81
 0,K70, 0,K81
 0,K70, 0,K81
 0,K70, 0,K81
 0,K70, 0,K81
 0,K70, 0,K81
 0,K70, 0,K81
 0,K70, 0,K81
 0,K70, 0,K81
 0,K70, 0,K81
 0,K70, 0,K81
 0,K70, 0,K81
 0,K70, 0,K81
 0,K70, 0,K81
 0,K70, 0,K81
 H,K57, J,K287
 H,K57, J,K287
 H,K57, J,K287
 H,K57, J,K287
 I,K258, J,K222
 I,K258, J,K222
 I,K258, J,K222
 I,K258, J,K222
 I,K258, J,K222
 I,K258, J,K222
 I,K258, J,K222
 I,K258, J,K222
 I,K258, J,K222
 I,K258, J,K222
 I,K258, J,K222
 I,K258, J,K222
 I,K258, J,K222
 I,K258, J,K222
 I,K258, J,K222
 I,K258, J,K222
 I,K258, J,K222
 I,K258, J,K222
 K,K192, J,K335
 K,K192, J,K335
 K,K192, J,K335
 K,K238, J,K222
 K,K238, J,K222
 K,K238, J,K222
 K,K238, J,K222
 K,K238, J,K222
 K,K238, J,K222
 K,K238, J,K222
 K,K238, J,K222
 K,K238, J,K222
 K,K238, J,K222
 K,K238, J,K222
 K,K238, J,K222
 K,K238, J,K222
 L,K72, J,K222
 L,K72, J,K222
 L,K72, J,K222
 L,K72, J,K222
 J,K88, J,K222
 J,K88, J,K222
 J,K88, J,K222
 J,K88, J,K222
 J,K88, J,K222
 J,K88, J,K222
 J,K88, J,K222
 J,K88, J,K222
 X,K187, X,K239
 X,K187, X,K239
 X,K187, X,K239
 X,K187, X,K239
 X,K187, X,K239
 X,K187, X,K239
 X,K187, X,K239
 X,K187, X,K239
 X,K187, X,K239
 X,K187, X,K239
 X,K187, X,K239
 X,K187, X,K239
 X,K187, X,K239
 X,K187, X,K239
 X,K187, X,K239
 X,K187, X,K239
 X,K187, X,K239
 X,K187, X,K239
 X,K187, X,K239
 X,K187, X,K239
 H,K407, D,K166
 H,K418, D,K166
 H,K418, D,K166
 H,K418, D,K166
 H,K418, D,K166
 H,K418, D,K166
 H,K418, D,K166
 H,K418, D,K166
 H,K418, D,K166
 H,K418, D,K166
 H,K418, D,K166
 H,K418, D,K166
 L,K379, E,K174
 L,K379, E,K174
 B,K41, E,K230
 B,K41, E,K230
 B,K41, E,K230
 B,K41, E,K230
 B,K41, E,K230
 B,K41, E,K230
 B,K41, E,K230
 B,K41, E,K230
 B,K41, E,K230
 B,K41, E,K230
 B,K41, E,K230
 B,K41, E,K230
 B,K41, E,K230
 B,K41, E,K230
 B,K41, E,K230
 B,K41, E,K230
 B,K41, E,K230
 E,K57, E,K241
