Chain ID B,XL B,Chain ID C,XL C
 1,K807, 1,K890
 5,K126, 5,K163
 5,K126, 5,K163
 5,K126, 5,K163
 5,K126, 5,K163
 6,K315, 5,K382
 6,K315, 5,K382
 6,K315, 5,K382
 6,K315, 5,K382
 6,K315, 5,K382
 6,K315, 5,K382
 6,K315, 5,K382
 6,K315, 5,K382
 6,K315, 5,K382
 6,K315, 5,K382
 6,K315, 5,K382
 6,K315, 5,K382
 6,K315, 5,K382
 6,K315, 5,K382
 6,K315, 5,K382
 6,K315, 5,K382
 6,K315, 5,K382
 6,K315, 5,K382
 9,K223, 8,K180
 1,K574, 8,K28
 8,K28, 8,K127
 8,K28, 8,K127
 8,K28, 8,K127
 8,K28, 8,K127
 8,K180, 8,K199
 6,K503, 8,K288
 6,K503, 8,K288
 6,K503, 8,K288
 6,K503, 8,K288
 3,K376, 2,K321;K329
 3,K303, 2,K132
 I,K293, I,K350
 I,K293, I,K350
 I,K293, I,K350
 I,K293, I,K350
 I,K293, I,K350
 I,K293, I,K350
 I,K293, I,K350
 L,K27, L,K34
 L,K27, L,K34
 L,K27, L,K34
 L,K27, L,K34
 L,K20, L,K27
 L,K27, L,K34
 L,K27, L,K34
 L,K27, L,K34
 L,K27, L,K34
 L,K27, L,K34
 K,K238, L,K206
 K,K238, L,K206
 K,K238, L,K206
 K,K238, L,K206
 K,K238, L,K206
 K,K238, L,K206
 K,K238, L,K206
 K,K238, L,K206
 K,K238, L,K206
 K,K238, L,K206
 K,K238, L,K206
 K,K238, L,K206
 K,K238, L,K206
 K,K238, L,K206
 K,K238, L,K206
 K,K238, L,K206
 K,K238, L,K206
 K,K238, L,K206
 0,K70, 0,K81
 0,K70, 0,K81
 0,K70, 0,K81
 0,K70, 0,K81
 0,K70, 0,K81
 0,K70, 0,K81
 0,K70, 0,K81
 0,K70, 0,K81
 0,K70, 0,K81
 0,K70, 0,K81
 0,K70, 0,K81
 0,K70, 0,K81
 0,K70, 0,K81
 0,K70, 0,K81
 0,K70, 0,K74
 0,K70, 0,K81
 0,K74, 0,K81
 0,K74, 0,K81
 0,K74, 0,K81
 0,K74, 0,K81
 0,K74, 0,K81
 0,K74, 0,K81
 0,K74, 0,K81
 0,K74, 0,K81
 0,K74, 0,K81
 0,K74, 0,K81
 0,K74, 0,K81
 0,K74, 0,K81
 0,K74, 0,K81
 0,K74, 0,K81
 0,K74, 0,K81
 0,K74, 0,K81
 0,K74, 0,K81
 0,K74, 0,K81
 0,K74, 0,K81
 0,K74, 0,K81
 0,K74, 0,K81
 0,K74, 0,K81
 0,K74, 0,K81
 0,K74, 0,K81
 I,K178, J,K287
 I,K178, J,K287
 I,K178, J,K287
 I,K178, J,K287
 L,K72, J,K222
 L,K72, J,K222
 L,K72, J,K222
 L,K72, J,K222
 L,K72, J,K222
 L,K72, J,K222
 L,K72, J,K222
 L,K72, J,K222
 L,K72, J,K222
 L,K72, J,K222
 L,K72, J,K222
 L,K72, J,K222
 L,K72, J,K222
 L,K72, J,K222
 L,K72, J,K222
 0,K300, J,K222
 0,K300, J,K222
 0,K300, J,K222
 K,K306, J,K335
 K,K306, J,K335
 K,K306, J,K335
 L,K72, J,K222
 L,K72, J,K222
 L,K72, J,K222
 L,K72, J,K222
 L,K72, J,K222
 L,K72, J,K222
 L,K72, J,K222
 L,K72, J,K222
 L,K72, J,K222
 L,K72, J,K222
 L,K72, J,K222
 0,K125, J,K222
 0,K125, J,K222
 0,K125, J,K222
 0,K125, J,K222
 0,K125, J,K222
 0,K125, J,K222
 J,K130, J,K222
 J,K130, J,K222
 J,K130, J,K222
 J,K130, J,K222
 J,K130, J,K222
 J,K130, J,K222
 J,K130, J,K222
 J,K130, J,K222
 X,K229, X,K239
 X,K229, X,K239
 X,K231, X,K239
 X,K231, X,K239
 X,K231, X,K239
 X,K229, X,K239
 X,K229, X,K239
 X,K231, X,K239
 X,K231, X,K239
 X,K231, X,K239
 X,K231, X,K239
 X,K231, X,K239
 X,K231, X,K239
 X,K229, X,K239
 X,K231, X,K239
 X,K231, X,K239
 X,K231, X,K239
 X,K231, X,K239
 X,K231, X,K239
 X,K231, X,K239
 H,K418, D,K166
 D,K27, D,K166
 D,K27, D,K166
 D,K27, D,K166
 D,K27, D,K166
 D,K27, D,K166
 D,K27, D,K166
 D,K27, D,K166
 D,K27, D,K166
 D,K27, D,K166
 D,K27, D,K166
 D,K27, D,K166
 G,K55, E,K174
 G,K55, E,K174
 E,K65, E,K230
 E,K65, E,K230
 E,K57, E,K230
 E,K57, E,K230
 E,K65, E,K230
 E,K65, E,K230
 E,K65, E,K230
 E,K57, E,K230
 E,K57, E,K230
 E,K57, E,K230
 E,K57, E,K230
 E,K57, E,K230
 E,K57, E,K230
 E,K57, E,K230
 E,K65, E,K230
 E,K65, E,K230
 E,K65, E,K230
 E,K230, E,K241
