Protein1,Residue1,Protein2,Residue2,Protein3,Residue3
Rpn2,666,Rpn2,807,Rpn2,890
Rpn11,264,Rpn7,126,Rpn7,163
Rpn11,264,Rpn7,126,Rpn7,163
Rpn11,264,Rpn7,126,Rpn7,163
Rpn11,264,Rpn7,126,Rpn7,163
Rpn3,296,Rpn3,315,Rpn7,382
Rpn3,296,Rpn3,315,Rpn7,382
Rpn3,296,Rpn3,315,Rpn7,382
Rpn3,296,Rpn3,315,Rpn7,382
Rpn3,296,Rpn3,315,Rpn7,382
Rpn3,296,Rpn3,315,Rpn7,382
Rpn3,296,Rpn3,315,Rpn7,382
Rpn3,296,Rpn3,315,Rpn7,382
Rpn3,296,Rpn3,315,Rpn7,382
Rpn3,296,Rpn3,315,Rpn7,382
Rpn3,296,Rpn3,315,Rpn7,382
Rpn3,296,Rpn3,315,Rpn7,382
Rpn3,296,Rpn3,315,Rpn7,382
Rpn3,296,Rpn3,315,Rpn7,382
Rpn3,296,Rpn3,315,Rpn7,382
Rpn3,296,Rpn3,315,Rpn7,382
Rpn3,296,Rpn3,315,Rpn7,382
Rpn3,296,Rpn3,315,Rpn7,382
Rpn11,152,Rpn11,223,Rpn8,180
Rpn11,215,Rpn2,574,Rpn8,28
Rpn2,574,Rpn8,28,Rpn8,127
Rpn2,574,Rpn8,28,Rpn8,127
Rpn2,574,Rpn8,28,Rpn8,127
Rpn2,574,Rpn8,28,Rpn8,127
Rpn2,574,Rpn8,180,Rpn8,199
Rpn3,84,Rpn3,503,Rpn8,288
Rpn3,84,Rpn3,503,Rpn8,288
Rpn3,84,Rpn3,503,Rpn8,288
Rpn3,84,Rpn3,503,Rpn8,288
Rpn5,368,Rpn5,376,Rpn9,321
Rpn5,368,Rpn5,376,Rpn9,329
Rpn5,294,Rpn5,303,Rpn9,132
Rpt1,422,Rpt2,293,Rpt2,350
Rpt1,422,Rpt2,293,Rpt2,350
Rpt1,422,Rpt2,293,Rpt2,350
Rpt1,422,Rpt2,293,Rpt2,350
Rpt1,422,Rpt2,293,Rpt2,350
Rpt1,422,Rpt2,293,Rpt2,350
Rpt1,422,Rpt2,293,Rpt2,350
Rpn9,105,Rpt4,27,Rpt4,34
Rpn9,105,Rpt4,27,Rpt4,34
Rpn9,105,Rpt4,27,Rpt4,34
Rpn9,105,Rpt4,27,Rpt4,34
Rpn9,105,Rpt4,20,Rpt4,27
Rpn9,105,Rpt4,27,Rpt4,34
Rpn9,105,Rpt4,27,Rpt4,34
Rpn9,105,Rpt4,27,Rpt4,34
Rpn9,105,Rpt4,27,Rpt4,34
Rpn9,105,Rpt4,27,Rpt4,34
Rpt1,116,Rpt3,238,Rpt4,206
Rpt1,116,Rpt3,238,Rpt4,206
Rpt1,116,Rpt3,238,Rpt4,206
Rpt1,116,Rpt3,238,Rpt4,206
Rpt1,116,Rpt3,238,Rpt4,206
Rpt1,116,Rpt3,238,Rpt4,206
Rpt1,116,Rpt3,238,Rpt4,206
Rpt1,116,Rpt3,238,Rpt4,206
Rpt1,116,Rpt3,238,Rpt4,206
Rpt1,116,Rpt3,238,Rpt4,206
Rpt1,116,Rpt3,238,Rpt4,206
Rpt1,116,Rpt3,238,Rpt4,206
Rpt1,116,Rpt3,238,Rpt4,206
Rpt1,116,Rpt3,238,Rpt4,206
Rpt1,116,Rpt3,238,Rpt4,206
Rpt1,116,Rpt3,238,Rpt4,206
Rpt1,116,Rpt3,238,Rpt4,206
Rpt1,116,Rpt3,238,Rpt4,206
Rpt4,42,Rpt5,70,Rpt5,81
Rpt4,42,Rpt5,70,Rpt5,81
Rpt4,42,Rpt5,70,Rpt5,81
Rpt4,42,Rpt5,70,Rpt5,81
Rpt4,42,Rpt5,70,Rpt5,81
Rpt4,42,Rpt5,70,Rpt5,81
Rpt4,42,Rpt5,70,Rpt5,81
Rpt4,42,Rpt5,70,Rpt5,81
Rpt4,42,Rpt5,70,Rpt5,81
Rpt4,42,Rpt5,70,Rpt5,81
Rpt4,42,Rpt5,70,Rpt5,81
Rpt4,42,Rpt5,70,Rpt5,81
Rpt4,42,Rpt5,70,Rpt5,81
Rpt4,42,Rpt5,70,Rpt5,81
Rpt4,42,Rpt5,70,Rpt5,74
Rpt4,42,Rpt5,70,Rpt5,81
Rpt5,70,Rpt5,74,Rpt5,81
Rpt5,70,Rpt5,74,Rpt5,81
Rpt5,70,Rpt5,74,Rpt5,81
Rpt5,70,Rpt5,74,Rpt5,81
Rpt5,70,Rpt5,74,Rpt5,81
Rpt5,70,Rpt5,74,Rpt5,81
Rpt5,70,Rpt5,74,Rpt5,81
Rpt5,70,Rpt5,74,Rpt5,81
Rpt5,70,Rpt5,74,Rpt5,81
Rpt5,70,Rpt5,74,Rpt5,81
Rpt5,70,Rpt5,74,Rpt5,81
Rpt5,70,Rpt5,74,Rpt5,81
Rpt5,70,Rpt5,74,Rpt5,81
Rpt5,70,Rpt5,74,Rpt5,81
Rpt5,70,Rpt5,74,Rpt5,81
Rpt5,70,Rpt5,74,Rpt5,81
Rpt5,70,Rpt5,74,Rpt5,81
Rpt5,70,Rpt5,74,Rpt5,81
Rpt5,70,Rpt5,74,Rpt5,81
Rpt5,70,Rpt5,74,Rpt5,81
Rpt5,70,Rpt5,74,Rpt5,81
Rpt5,70,Rpt5,74,Rpt5,81
Rpt5,70,Rpt5,74,Rpt5,81
Rpt5,70,Rpt5,74,Rpt5,81
Rpt1,57,Rpt2,178,Rpt6,287
Rpt1,57,Rpt2,178,Rpt6,287
Rpt1,57,Rpt2,178,Rpt6,287
Rpt1,57,Rpt2,178,Rpt6,287
Rpt2,258,Rpt4,72,Rpt6,222
Rpt2,258,Rpt4,72,Rpt6,222
Rpt2,258,Rpt4,72,Rpt6,222
Rpt2,258,Rpt4,72,Rpt6,222
Rpt2,258,Rpt4,72,Rpt6,222
Rpt2,258,Rpt4,72,Rpt6,222
Rpt2,258,Rpt4,72,Rpt6,222
Rpt2,258,Rpt4,72,Rpt6,222
Rpt2,258,Rpt4,72,Rpt6,222
Rpt2,258,Rpt4,72,Rpt6,222
Rpt2,258,Rpt4,72,Rpt6,222
Rpt2,258,Rpt4,72,Rpt6,222
Rpt2,258,Rpt4,72,Rpt6,222
Rpt2,258,Rpt4,72,Rpt6,222
Rpt2,258,Rpt4,72,Rpt6,222
Rpt2,258,Rpt5,300,Rpt6,222
Rpt2,258,Rpt5,300,Rpt6,222
Rpt2,258,Rpt5,300,Rpt6,222
Rpt3,192,Rpt3,306,Rpt6,335
Rpt3,192,Rpt3,306,Rpt6,335
Rpt3,192,Rpt3,306,Rpt6,335
Rpt3,238,Rpt4,72,Rpt6,222
Rpt3,238,Rpt4,72,Rpt6,222
Rpt3,238,Rpt4,72,Rpt6,222
Rpt3,238,Rpt4,72,Rpt6,222
Rpt3,238,Rpt4,72,Rpt6,222
Rpt3,238,Rpt4,72,Rpt6,222
Rpt3,238,Rpt4,72,Rpt6,222
Rpt3,238,Rpt4,72,Rpt6,222
Rpt3,238,Rpt4,72,Rpt6,222
Rpt3,238,Rpt4,72,Rpt6,222
Rpt3,238,Rpt4,72,Rpt6,222
Rpt3,238,Rpt5,125,Rpt6,222
Rpt3,238,Rpt5,125,Rpt6,222
Rpt4,72,Rpt5,125,Rpt6,222
Rpt4,72,Rpt5,125,Rpt6,222
Rpt4,72,Rpt5,125,Rpt6,222
Rpt4,72,Rpt5,125,Rpt6,222
Rpt6,88,Rpt6,130,Rpt6,222
Rpt6,88,Rpt6,130,Rpt6,222
Rpt6,88,Rpt6,130,Rpt6,222
Rpt6,88,Rpt6,130,Rpt6,222
Rpt6,88,Rpt6,130,Rpt6,222
Rpt6,88,Rpt6,130,Rpt6,222
Rpt6,88,Rpt6,130,Rpt6,222
Rpt6,88,Rpt6,130,Rpt6,222
Rpn3,425,Rpn7,349,SHFM1,62
alpha3,187,alpha3,229,alpha3,239
alpha3,187,alpha3,229,alpha3,239
alpha3,187,alpha3,231,alpha3,239
alpha3,187,alpha3,231,alpha3,239
alpha3,187,alpha3,231,alpha3,239
alpha3,187,alpha3,229,alpha3,239
alpha3,187,alpha3,229,alpha3,239
alpha3,187,alpha3,231,alpha3,239
alpha3,187,alpha3,231,alpha3,239
alpha3,187,alpha3,231,alpha3,239
alpha3,187,alpha3,231,alpha3,239
alpha3,187,alpha3,231,alpha3,239
alpha3,187,alpha3,231,alpha3,239
alpha3,187,alpha3,229,alpha3,239
alpha3,187,alpha3,231,alpha3,239
alpha3,187,alpha3,231,alpha3,239
alpha3,187,alpha3,231,alpha3,239
alpha3,187,alpha3,231,alpha3,239
alpha3,187,alpha3,231,alpha3,239
alpha3,187,alpha3,231,alpha3,239
Rpt1,407,Rpt1,418,alpha4,166
Rpt1,418,alpha4,27,alpha4,166
Rpt1,418,alpha4,27,alpha4,166
Rpt1,418,alpha4,27,alpha4,166
Rpt1,418,alpha4,27,alpha4,166
Rpt1,418,alpha4,27,alpha4,166
Rpt1,418,alpha4,27,alpha4,166
Rpt1,418,alpha4,27,alpha4,166
Rpt1,418,alpha4,27,alpha4,166
Rpt1,418,alpha4,27,alpha4,166
Rpt1,418,alpha4,27,alpha4,166
Rpt1,418,alpha4,27,alpha4,166
Rpt4,379,alpha1,55,alpha7,174
Rpt4,379,alpha1,55,alpha7,174
alpha6,41,alpha7,65,alpha7,230
alpha6,41,alpha7,65,alpha7,230
alpha6,41,alpha7,57,alpha7,230
alpha6,41,alpha7,57,alpha7,230
alpha6,41,alpha7,65,alpha7,230
alpha6,41,alpha7,65,alpha7,230
alpha6,41,alpha7,65,alpha7,230
alpha6,41,alpha7,57,alpha7,230
alpha6,41,alpha7,57,alpha7,230
alpha6,41,alpha7,57,alpha7,230
alpha6,41,alpha7,57,alpha7,230
alpha6,41,alpha7,57,alpha7,230
alpha6,41,alpha7,57,alpha7,230
alpha6,41,alpha7,57,alpha7,230
alpha6,41,alpha7,65,alpha7,230
alpha6,41,alpha7,65,alpha7,230
alpha6,41,alpha7,65,alpha7,230
alpha7,57,alpha7,230,alpha7,241
beta5,91,beta6,146,beta6,184
beta5,91,beta6,146,beta6,184
