Subunit A,XL A,Subunit B,XL B,Subunit C,XL C,Subunit Name A,Subunit Name B,Subunit Name C,Common/Gene Name A,Common/Gene Name B,Common/Gene Name C,Average Score,chain ID A,chain ID B,chain ID C
Q99460,K666,Q99460,K807,Q99460,K890,26S proteasome non-ATPase regulatory subunit 1,26S proteasome non-ATPase regulatory subunit 1,26S proteasome non-ATPase regulatory subunit 1,Rpn2,Rpn2,Rpn2,36.43333333333334,"1,N","1,N","1,N"
P35998,K422,P62191,K293,P62191,K350,26S protease regulatory subunit 7,26S protease regulatory subunit 4,26S protease regulatory subunit 4,Rpt1,Rpt2,Rpt2,29.5,"H,v","I,w","I,w"
P35998,K116,P43686,K238,P62333,K206,26S protease regulatory subunit 7,26S protease regulatory subunit 6B,26S protease regulatory subunit 10B,Rpt1,Rpt3,Rpt4,42.86666666666667,"H,v","K,y","L,z"
P62333,K42,P17980,K70,P17980,K81,26S protease regulatory subunit 10B,26S protease regulatory subunit 6A,26S protease regulatory subunit 6A,Rpt4,Rpt5,Rpt5,17.066666666666666,"L,z","0,M","0,M"
P62333,K42,P17980,K70,P17980,K74,26S protease regulatory subunit 10B,26S protease regulatory subunit 6A,26S protease regulatory subunit 6A,Rpt4,Rpt5,Rpt5,30.7,"L,z","0,M","0,M"
P17980,K70,P17980,K74,P17980,K81,26S protease regulatory subunit 6A,26S protease regulatory subunit 6A,26S protease regulatory subunit 6A,Rpt5,Rpt5,Rpt5,20.266666666666666,"0,M","0,M","0,M"
P35998,K57,P62191,K178,P62195,K287,26S protease regulatory subunit 7,26S protease regulatory subunit 4,26S protease regulatory subunit 8,Rpt1,Rpt2,Rpt6,40.46666666666667,"H,v","I,w","J,x"
P62191,K258,P62333,K72,P62195,K222,26S protease regulatory subunit 4,26S protease regulatory subunit 10B,26S protease regulatory subunit 8,Rpt2,Rpt4,Rpt6,43.6,"I,w","L,z","J,x"
P62191,K258,P17980,K300,P62195,K222,26S protease regulatory subunit 4,26S protease regulatory subunit 6A,26S protease regulatory subunit 8,Rpt2,Rpt5,Rpt6,37.2,"I,w","0,M","J,x"
P43686,K192,P43686,K306,P62195,K335,26S protease regulatory subunit 6B,26S protease regulatory subunit 6B,26S protease regulatory subunit 8,Rpt3,Rpt3,Rpt6,18.46666666666667,"K,y","K,y","J,x"
P43686,K238,P62333,K72,P62195,K222,26S protease regulatory subunit 6B,26S protease regulatory subunit 10B,26S protease regulatory subunit 8,Rpt3,Rpt4,Rpt6,42.2,"K,y","L,z","J,x"
P43686,K238,P17980,K125,P62195,K222,26S protease regulatory subunit 6B,26S protease regulatory subunit 6A,26S protease regulatory subunit 8,Rpt3,Rpt5,Rpt6,39.06666666666667,"K,y","0,M","J,x"
P62333,K72,P17980,K125,P62195,K222,26S protease regulatory subunit 10B,26S protease regulatory subunit 6A,26S protease regulatory subunit 8,Rpt4,Rpt5,Rpt6,36.4,"L,z","0,M","J,x"
P62195,K88,P62195,K130,P62195,K222,26S protease regulatory subunit 8,26S protease regulatory subunit 8,26S protease regulatory subunit 8,Rpt6,Rpt6,Rpt6,31.53333333333333,"J,x","J,x","J,x"
Q99460,K720,Q99460,K823,,,26S proteasome non-ATPase regulatory subunit 1,26S proteasome non-ATPase regulatory subunit 1,,Rpn2,Rpn2,,16.65,"1,N","1,N",
Q99460,K720,Q99460,K825,,,26S proteasome non-ATPase regulatory subunit 1,26S proteasome non-ATPase regulatory subunit 1,,Rpn2,Rpn2,,16.65,"1,N","1,N",
Q99460,K357,Q99460,K720,,,26S proteasome non-ATPase regulatory subunit 1,26S proteasome non-ATPase regulatory subunit 1,,Rpn2,Rpn2,,24.85,"1,N","1,N",
Q99460,K123,Q99460,K196,,,26S proteasome non-ATPase regulatory subunit 1,26S proteasome non-ATPase regulatory subunit 1,,Rpn2,Rpn2,,20.95,"1,N","1,N",
Q99460,K124,Q99460,K196,,,26S proteasome non-ATPase regulatory subunit 1,26S proteasome non-ATPase regulatory subunit 1,,Rpn2,Rpn2,,20.95,"1,N","1,N",
Q99460,K865,Q99460,K868,,,26S proteasome non-ATPase regulatory subunit 1,26S proteasome non-ATPase regulatory subunit 1,,Rpn2,Rpn2,,31.5,"1,N","1,N",
Q99460,K865,Q99460,K869,,,26S proteasome non-ATPase regulatory subunit 1,26S proteasome non-ATPase regulatory subunit 1,,Rpn2,Rpn2,,31.5,"1,N","1,N",
Q99460,K319,Q99460,K796,,,26S proteasome non-ATPase regulatory subunit 1,26S proteasome non-ATPase regulatory subunit 1,,Rpn2,Rpn2,,20.65,"1,N","1,N",
Q99460,K324,Q99460,K796,,,26S proteasome non-ATPase regulatory subunit 1,26S proteasome non-ATPase regulatory subunit 1,,Rpn2,Rpn2,,22.55,"1,N","1,N",
Q99460,K319,Q99460,K796,,,26S proteasome non-ATPase regulatory subunit 1,26S proteasome non-ATPase regulatory subunit 1,,Rpn2,Rpn2,,21.3,"1,N","1,N",
Q99460,K324,Q99460,K796,,,26S proteasome non-ATPase regulatory subunit 1,26S proteasome non-ATPase regulatory subunit 1,,Rpn2,Rpn2,,21.3,"1,N","1,N",
Q99460,K310,Q99460,K796,,,26S proteasome non-ATPase regulatory subunit 1,26S proteasome non-ATPase regulatory subunit 1,,Rpn2,Rpn2,,15.05,"1,N","1,N",
Q99460,K319,Q99460,K796,,,26S proteasome non-ATPase regulatory subunit 1,26S proteasome non-ATPase regulatory subunit 1,,Rpn2,Rpn2,,15.05,"1,N","1,N",
Q99460,K123,Q99460,K196,,,26S proteasome non-ATPase regulatory subunit 1,26S proteasome non-ATPase regulatory subunit 1,,Rpn2,Rpn2,,19.4,"1,N","1,N",
Q99460,K292,Q99460,K310,,,26S proteasome non-ATPase regulatory subunit 1,26S proteasome non-ATPase regulatory subunit 1,,Rpn2,Rpn2,,32.15,"1,N","1,N",
Q99460,K849,Q99460,K862,,,26S proteasome non-ATPase regulatory subunit 1,26S proteasome non-ATPase regulatory subunit 1,,Rpn2,Rpn2,,18.05,"1,N","1,N",
Q99460,K849,Q99460,K865,,,26S proteasome non-ATPase regulatory subunit 1,26S proteasome non-ATPase regulatory subunit 1,,Rpn2,Rpn2,,18.05,"1,N","1,N",
Q99460,K865,Q99460,K868,,,26S proteasome non-ATPase regulatory subunit 1,26S proteasome non-ATPase regulatory subunit 1,,Rpn2,Rpn2,,23.9,"1,N","1,N",
Q99460,K865,Q99460,K869,,,26S proteasome non-ATPase regulatory subunit 1,26S proteasome non-ATPase regulatory subunit 1,,Rpn2,Rpn2,,23.9,"1,N","1,N",
Q99460,K861,Q99460,K868,,,26S proteasome non-ATPase regulatory subunit 1,26S proteasome non-ATPase regulatory subunit 1,,Rpn2,Rpn2,,23.9,"1,N","1,N",
Q99460,K861,Q99460,K869,,,26S proteasome non-ATPase regulatory subunit 1,26S proteasome non-ATPase regulatory subunit 1,,Rpn2,Rpn2,,23.9,"1,N","1,N",
Q99460,K862,Q99460,K868,,,26S proteasome non-ATPase regulatory subunit 1,26S proteasome non-ATPase regulatory subunit 1,,Rpn2,Rpn2,,23.9,"1,N","1,N",
Q99460,K862,Q99460,K869,,,26S proteasome non-ATPase regulatory subunit 1,26S proteasome non-ATPase regulatory subunit 1,,Rpn2,Rpn2,,23.9,"1,N","1,N",
Q99460,K862,Q99460,K868,,,26S proteasome non-ATPase regulatory subunit 1,26S proteasome non-ATPase regulatory subunit 1,,Rpn2,Rpn2,,24.7,"1,N","1,N",
Q99460,K862,Q99460,K869,,,26S proteasome non-ATPase regulatory subunit 1,26S proteasome non-ATPase regulatory subunit 1,,Rpn2,Rpn2,,24.7,"1,N","1,N",
Q99460,K865,Q99460,K868,,,26S proteasome non-ATPase regulatory subunit 1,26S proteasome non-ATPase regulatory subunit 1,,Rpn2,Rpn2,,24.7,"1,N","1,N",
Q99460,K865,Q99460,K869,,,26S proteasome non-ATPase regulatory subunit 1,26S proteasome non-ATPase regulatory subunit 1,,Rpn2,Rpn2,,24.7,"1,N","1,N",
Q99460,K862,Q99460,K868,,,26S proteasome non-ATPase regulatory subunit 1,26S proteasome non-ATPase regulatory subunit 1,,Rpn2,Rpn2,,46.55,"1,N","1,N",
Q99460,K865,Q99460,K868,,,26S proteasome non-ATPase regulatory subunit 1,26S proteasome non-ATPase regulatory subunit 1,,Rpn2,Rpn2,,46.55,"1,N","1,N",
Q99460,K292,Q99460,K319,,,26S proteasome non-ATPase regulatory subunit 1,26S proteasome non-ATPase regulatory subunit 1,,Rpn2,Rpn2,,24.9,"1,N","1,N",
Q99460,K302,Q99460,K319,,,26S proteasome non-ATPase regulatory subunit 1,26S proteasome non-ATPase regulatory subunit 1,,Rpn2,Rpn2,,24.9,"1,N","1,N",
Q99460,K354,Q99460,K934,,,26S proteasome non-ATPase regulatory subunit 1,26S proteasome non-ATPase regulatory subunit 1,,Rpn2,Rpn2,,26.1,"1,N","1,N",
Q99460,K720,P35998,K84,,,26S proteasome non-ATPase regulatory subunit 1,26S protease regulatory subunit 7,,Rpn2,Rpt1,,29.4,"1,N","H,v",
Q99460,K543,P35998,K84,,,26S proteasome non-ATPase regulatory subunit 1,26S protease regulatory subunit 7,,Rpn2,Rpt1,,19.95,"1,N","H,v",
Q99460,K720,P62191,K98,,,26S proteasome non-ATPase regulatory subunit 1,26S protease regulatory subunit 4,,Rpn2,Rpt2,,27.75,"1,N","I,w",
Q99460,K357,P62191,K91,,,26S proteasome non-ATPase regulatory subunit 1,26S protease regulatory subunit 4,,Rpn2,Rpt2,,28.55,"1,N","I,w",
Q99460,K720,P62191,K91,,,26S proteasome non-ATPase regulatory subunit 1,26S protease regulatory subunit 4,,Rpn2,Rpt2,,38.5,"1,N","I,w",
Q99460,K574,P43686,K70,,,26S proteasome non-ATPase regulatory subunit 1,26S protease regulatory subunit 6B,,Rpn2,Rpt3,,23.35,"1,N","K,y",
Q99460,K720,P62195,K82,,,26S proteasome non-ATPase regulatory subunit 1,26S protease regulatory subunit 8,,Rpn2,Rpt6,,19.55,"1,N","J,x",
Q99460,K720,P62195,K83,,,26S proteasome non-ATPase regulatory subunit 1,26S protease regulatory subunit 8,,Rpn2,Rpt6,,19.55,"1,N","J,x",
Q99460,K720,P62195,K82,,,26S proteasome non-ATPase regulatory subunit 1,26S protease regulatory subunit 8,,Rpn2,Rpt6,,18.8,"1,N","J,x",
Q99460,K146,P62195,K15,,,26S proteasome non-ATPase regulatory subunit 1,26S protease regulatory subunit 8,,Rpn2,Rpt6,,29.6,"1,N","J,x",
Q99460,K720,P62195,K101,,,26S proteasome non-ATPase regulatory subunit 1,26S protease regulatory subunit 8,,Rpn2,Rpt6,,21.700000000000003,"1,N","J,x",
Q99460,K136,P62195,K15,,,26S proteasome non-ATPase regulatory subunit 1,26S protease regulatory subunit 8,,Rpn2,Rpt6,,39.150000000000006,"1,N","J,x",
Q99460,K146,P62195,K15,,,26S proteasome non-ATPase regulatory subunit 1,26S protease regulatory subunit 8,,Rpn2,Rpt6,,40.1,"1,N","J,x",
Q99460,K148,P62195,K15,,,26S proteasome non-ATPase regulatory subunit 1,26S protease regulatory subunit 8,,Rpn2,Rpt6,,40.1,"1,N","J,x",
P35998,K181,P35998,K356,,,26S protease regulatory subunit 7,26S protease regulatory subunit 7,,Rpt1,Rpt1,,35.75,"H,v","H,v",
P35998,K407,P35998,K418,,,26S protease regulatory subunit 7,26S protease regulatory subunit 7,,Rpt1,Rpt1,,37.1,"H,v","H,v",
P35998,K186,P35998,K340,,,26S protease regulatory subunit 7,26S protease regulatory subunit 7,,Rpt1,Rpt1,,25.15,"H,v","H,v",
P35998,K407,P35998,K418,,,26S protease regulatory subunit 7,26S protease regulatory subunit 7,,Rpt1,Rpt1,,33.1,"H,v","H,v",
P35998,K407,P35998,K422,,,26S protease regulatory subunit 7,26S protease regulatory subunit 7,,Rpt1,Rpt1,,33.1,"H,v","H,v",
P35998,K34,P35998,K46,,,26S protease regulatory subunit 7,26S protease regulatory subunit 7,,Rpt1,Rpt1,,46.35,"H,v","H,v",
P35998,K407,P35998,K422,,,26S protease regulatory subunit 7,26S protease regulatory subunit 7,,Rpt1,Rpt1,,37.25,"H,v","H,v",
P35998,K11,P35998,K58,,,26S protease regulatory subunit 7,26S protease regulatory subunit 7,,Rpt1,Rpt1,,19.25,"H,v","H,v",
P35998,K13,P35998,K58,,,26S protease regulatory subunit 7,26S protease regulatory subunit 7,,Rpt1,Rpt1,,19.25,"H,v","H,v",
P35998,K17,P35998,K34,,,26S protease regulatory subunit 7,26S protease regulatory subunit 7,,Rpt1,Rpt1,,30.0,"H,v","H,v",
P35998,K20,P35998,K34,,,26S protease regulatory subunit 7,26S protease regulatory subunit 7,,Rpt1,Rpt1,,30.0,"H,v","H,v",
P35998,K248,P35998,K248,,,26S protease regulatory subunit 7,26S protease regulatory subunit 7,,Rpt1,Rpt1,,36.4,"H,v","H,v",
P35998,K418,P62191,K350,,,26S protease regulatory subunit 7,26S protease regulatory subunit 4,,Rpt1,Rpt2,,27.6,"H,v","I,w",
P35998,K422,P62191,K350,,,26S protease regulatory subunit 7,26S protease regulatory subunit 4,,Rpt1,Rpt2,,27.6,"H,v","I,w",
P35998,K58,P62191,K69,,,26S protease regulatory subunit 7,26S protease regulatory subunit 4,,Rpt1,Rpt2,,37.15,"H,v","I,w",
P35998,K422,P62191,K293,,,26S protease regulatory subunit 7,26S protease regulatory subunit 4,,Rpt1,Rpt2,,28.65,"H,v","I,w",
P35998,K418,P62191,K293,,,26S protease regulatory subunit 7,26S protease regulatory subunit 4,,Rpt1,Rpt2,,35.6,"H,v","I,w",
P35998,K422,P62191,K293,,,26S protease regulatory subunit 7,26S protease regulatory subunit 4,,Rpt1,Rpt2,,35.6,"H,v","I,w",
P35998,K268,P62191,K24,,,26S protease regulatory subunit 7,26S protease regulatory subunit 4,,Rpt1,Rpt2,,24.55,"H,v","I,w",
P35998,K84,P62191,K98,,,26S protease regulatory subunit 7,26S protease regulatory subunit 4,,Rpt1,Rpt2,,27.45,"H,v","I,w",
P35998,K422,P62191,K350,,,26S protease regulatory subunit 7,26S protease regulatory subunit 4,,Rpt1,Rpt2,,30.0,"H,v","I,w",
P35998,K248,P62191,K258,,,26S protease regulatory subunit 7,26S protease regulatory subunit 4,,Rpt1,Rpt2,,16.35,"H,v","I,w",
P35998,K248,P62191,K265,,,26S protease regulatory subunit 7,26S protease regulatory subunit 4,,Rpt1,Rpt2,,16.35,"H,v","I,w",
P35998,K418,P62191,K293,,,26S protease regulatory subunit 7,26S protease regulatory subunit 4,,Rpt1,Rpt2,,27.05,"H,v","I,w",
P35998,K57,P62191,K48,,,26S protease regulatory subunit 7,26S protease regulatory subunit 4,,Rpt1,Rpt2,,35.35,"H,v","I,w",
P35998,K58,P62191,K86,,,26S protease regulatory subunit 7,26S protease regulatory subunit 4,,Rpt1,Rpt2,,26.1,"H,v","I,w",
P35998,K58,P62191,K91,,,26S protease regulatory subunit 7,26S protease regulatory subunit 4,,Rpt1,Rpt2,,26.1,"H,v","I,w",
P35998,K34,P62191,K413,,,26S protease regulatory subunit 7,26S protease regulatory subunit 4,,Rpt1,Rpt2,,29.15,"H,v","I,w",
P35998,K46,P62191,K61,,,26S protease regulatory subunit 7,26S protease regulatory subunit 4,,Rpt1,Rpt2,,20.35,"H,v","I,w",
P35998,K57,P62191,K178,,,26S protease regulatory subunit 7,26S protease regulatory subunit 4,,Rpt1,Rpt2,,19.45,"H,v","I,w",
P35998,K84,P62191,K91,,,26S protease regulatory subunit 7,26S protease regulatory subunit 4,,Rpt1,Rpt2,,30.15,"H,v","I,w",
P35998,K116,P43686,K238,,,26S protease regulatory subunit 7,26S protease regulatory subunit 6B,,Rpt1,Rpt3,,41.0,"H,v","K,y",
P35998,K116,P62333,K206,,,26S protease regulatory subunit 7,26S protease regulatory subunit 10B,,Rpt1,Rpt4,,36.25,"H,v","L,z",
P35998,K248,P62333,K206,,,26S protease regulatory subunit 7,26S protease regulatory subunit 10B,,Rpt1,Rpt4,,37.0,"H,v","L,z",
P35998,K116,P17980,K146,,,26S protease regulatory subunit 7,26S protease regulatory subunit 6A,,Rpt1,Rpt5,,32.05,"H,v","0,M",
P35998,K116,P17980,K155,,,26S protease regulatory subunit 7,26S protease regulatory subunit 6A,,Rpt1,Rpt5,,32.05,"H,v","0,M",
P35998,K340,P17980,K430,,,26S protease regulatory subunit 7,26S protease regulatory subunit 6A,,Rpt1,Rpt5,,31.0,"H,v","0,M",
P35998,K340,P17980,K431,,,26S protease regulatory subunit 7,26S protease regulatory subunit 6A,,Rpt1,Rpt5,,31.0,"H,v","0,M",
P35998,K146,P17980,K146,,,26S protease regulatory subunit 7,26S protease regulatory subunit 6A,,Rpt1,Rpt5,,27.3,"H,v","0,M",
P35998,K146,P17980,K155,,,26S protease regulatory subunit 7,26S protease regulatory subunit 6A,,Rpt1,Rpt5,,27.3,"H,v","0,M",
P35998,K116,P17980,K155,,,26S protease regulatory subunit 7,26S protease regulatory subunit 6A,,Rpt1,Rpt5,,30.85,"H,v","0,M",
P35998,K316,P17980,K372,,,26S protease regulatory subunit 7,26S protease regulatory subunit 6A,,Rpt1,Rpt5,,19.2,"H,v","0,M",
P35998,K146,P17980,K155,,,26S protease regulatory subunit 7,26S protease regulatory subunit 6A,,Rpt1,Rpt5,,21.0,"H,v","0,M",
P35998,K210,P17980,K372,,,26S protease regulatory subunit 7,26S protease regulatory subunit 6A,,Rpt1,Rpt5,,35.25,"H,v","0,M",
P35998,K11,P62195,K330,,,26S protease regulatory subunit 7,26S protease regulatory subunit 8,,Rpt1,Rpt6,,23.25,"H,v","J,x",
P35998,K13,P62195,K330,,,26S protease regulatory subunit 7,26S protease regulatory subunit 8,,Rpt1,Rpt6,,23.25,"H,v","J,x",
P35998,K116,P62195,K222,,,26S protease regulatory subunit 7,26S protease regulatory subunit 8,,Rpt1,Rpt6,,33.05,"H,v","J,x",
P35998,K116,P62195,K88,,,26S protease regulatory subunit 7,26S protease regulatory subunit 8,,Rpt1,Rpt6,,26.75,"H,v","J,x",
P35998,K34,P62195,K170,,,26S protease regulatory subunit 7,26S protease regulatory subunit 8,,Rpt1,Rpt6,,40.35,"H,v","J,x",
P35998,K248,P62195,K88,,,26S protease regulatory subunit 7,26S protease regulatory subunit 8,,Rpt1,Rpt6,,21.05,"H,v","J,x",
P35998,K66,P62195,K82,,,26S protease regulatory subunit 7,26S protease regulatory subunit 8,,Rpt1,Rpt6,,23.0,"H,v","J,x",
P35998,K66,P62195,K83,,,26S protease regulatory subunit 7,26S protease regulatory subunit 8,,Rpt1,Rpt6,,23.0,"H,v","J,x",
P62191,K91,P62191,K98,,,26S protease regulatory subunit 4,26S protease regulatory subunit 4,,Rpt2,Rpt2,,29.450000000000003,"I,w","I,w",
P62191,K48,P62191,K61,,,26S protease regulatory subunit 4,26S protease regulatory subunit 4,,Rpt2,Rpt2,,24.5,"I,w","I,w",
P62191,K293,P62191,K350,,,26S protease regulatory subunit 4,26S protease regulatory subunit 4,,Rpt2,Rpt2,,30.7,"I,w","I,w",
P62191,K23,P62191,K23,,,26S protease regulatory subunit 4,26S protease regulatory subunit 4,,Rpt2,Rpt2,,21.2,"I,w","I,w",
P62191,K23,P62191,K24,,,26S protease regulatory subunit 4,26S protease regulatory subunit 4,,Rpt2,Rpt2,,21.2,"I,w","I,w",
P62191,K24,P62191,K23,,,26S protease regulatory subunit 4,26S protease regulatory subunit 4,,Rpt2,Rpt2,,21.2,"I,w","I,w",
P62191,K24,P62191,K24,,,26S protease regulatory subunit 4,26S protease regulatory subunit 4,,Rpt2,Rpt2,,21.2,"I,w","I,w",
P62191,K86,P62191,K98,,,26S protease regulatory subunit 4,26S protease regulatory subunit 4,,Rpt2,Rpt2,,24.25,"I,w","I,w",
P62191,K91,P62191,K98,,,26S protease regulatory subunit 4,26S protease regulatory subunit 4,,Rpt2,Rpt2,,24.25,"I,w","I,w",
P62191,K86,P62191,K98,,,26S protease regulatory subunit 4,26S protease regulatory subunit 4,,Rpt2,Rpt2,,30.8,"I,w","I,w",
P62191,K41,P62191,K178,,,26S protease regulatory subunit 4,26S protease regulatory subunit 4,,Rpt2,Rpt2,,17.4,"I,w","I,w",
P62191,K178,P62191,K237,,,26S protease regulatory subunit 4,26S protease regulatory subunit 4,,Rpt2,Rpt2,,33.7,"I,w","I,w",
P62191,K178,P62191,K258,,,26S protease regulatory subunit 4,26S protease regulatory subunit 4,,Rpt2,Rpt2,,19.55,"I,w","I,w",
P62191,K387,P62191,K423,,,26S protease regulatory subunit 4,26S protease regulatory subunit 4,,Rpt2,Rpt2,,20.6,"I,w","I,w",
P62191,K387,P62191,K429,,,26S protease regulatory subunit 4,26S protease regulatory subunit 4,,Rpt2,Rpt2,,20.6,"I,w","I,w",
P62191,K387,P62191,K423,,,26S protease regulatory subunit 4,26S protease regulatory subunit 4,,Rpt2,Rpt2,,16.3,"I,w","I,w",
P62191,K387,P62191,K420,,,26S protease regulatory subunit 4,26S protease regulatory subunit 4,,Rpt2,Rpt2,,17.4,"I,w","I,w",
P62191,K258,P62333,K72,,,26S protease regulatory subunit 4,26S protease regulatory subunit 10B,,Rpt2,Rpt4,,41.2,"I,w","L,z",
P62191,K258,P62333,K206,,,26S protease regulatory subunit 4,26S protease regulatory subunit 10B,,Rpt2,Rpt4,,38.85,"I,w","L,z",
P62191,K429,P62195,K314,,,26S protease regulatory subunit 4,26S protease regulatory subunit 8,,Rpt2,Rpt6,,14.95,"I,w","J,x",
P62191,K258,P62195,K88,,,26S protease regulatory subunit 4,26S protease regulatory subunit 8,,Rpt2,Rpt6,,34.35,"I,w","J,x",
P62191,K258,P62195,K88,,,26S protease regulatory subunit 4,26S protease regulatory subunit 8,,Rpt2,Rpt6,,35.85,"I,w","J,x",
P62191,K258,P62195,K94,,,26S protease regulatory subunit 4,26S protease regulatory subunit 8,,Rpt2,Rpt6,,35.85,"I,w","J,x",
P62191,K178,P62195,K287,,,26S protease regulatory subunit 4,26S protease regulatory subunit 8,,Rpt2,Rpt6,,47.6,"I,w","J,x",
P62191,K258,P62195,K222,,,26S protease regulatory subunit 4,26S protease regulatory subunit 8,,Rpt2,Rpt6,,33.900000000000006,"I,w","J,x",
P62191,K265,P62195,K88,,,26S protease regulatory subunit 4,26S protease regulatory subunit 8,,Rpt2,Rpt6,,34.95,"I,w","J,x",
P62191,K265,P62195,K94,,,26S protease regulatory subunit 4,26S protease regulatory subunit 8,,Rpt2,Rpt6,,34.95,"I,w","J,x",
P62191,K429,P62195,K314,,,26S protease regulatory subunit 4,26S protease regulatory subunit 8,,Rpt2,Rpt6,,27.6,"I,w","J,x",
P62191,K430,P62195,K314,,,26S protease regulatory subunit 4,26S protease regulatory subunit 8,,Rpt2,Rpt6,,27.6,"I,w","J,x",
P43686,K404,P43686,K409,,,26S protease regulatory subunit 6B,26S protease regulatory subunit 6B,,Rpt3,Rpt3,,26.85,"K,y","K,y",
P43686,K401,P43686,K408,,,26S protease regulatory subunit 6B,26S protease regulatory subunit 6B,,Rpt3,Rpt3,,19.05,"K,y","K,y",
P43686,K397,P43686,K404,,,26S protease regulatory subunit 6B,26S protease regulatory subunit 6B,,Rpt3,Rpt3,,26.35,"K,y","K,y",
P43686,K273,P43686,K330,,,26S protease regulatory subunit 6B,26S protease regulatory subunit 6B,,Rpt3,Rpt3,,24.200000000000003,"K,y","K,y",
P43686,K66,P43686,K70,,,26S protease regulatory subunit 6B,26S protease regulatory subunit 6B,,Rpt3,Rpt3,,28.950000000000003,"K,y","K,y",
P43686,K80,P62333,K68,,,26S protease regulatory subunit 6B,26S protease regulatory subunit 10B,,Rpt3,Rpt4,,34.55,"K,y","L,z",
P43686,K238,P62333,K206,,,26S protease regulatory subunit 6B,26S protease regulatory subunit 10B,,Rpt3,Rpt4,,37.7,"K,y","L,z",
P43686,K66,P62195,K55,,,26S protease regulatory subunit 6B,26S protease regulatory subunit 8,,Rpt3,Rpt6,,21.65,"K,y","J,x",
P43686,K69,P62195,K55,,,26S protease regulatory subunit 6B,26S protease regulatory subunit 8,,Rpt3,Rpt6,,21.65,"K,y","J,x",
P43686,K80,P62195,K55,,,26S protease regulatory subunit 6B,26S protease regulatory subunit 8,,Rpt3,Rpt6,,31.35,"K,y","J,x",
P43686,K192,P62195,K335,,,26S protease regulatory subunit 6B,26S protease regulatory subunit 8,,Rpt3,Rpt6,,25.9,"K,y","J,x",
P43686,K273,P62195,K393,,,26S protease regulatory subunit 6B,26S protease regulatory subunit 8,,Rpt3,Rpt6,,31.25,"K,y","J,x",
P43686,K273,P62195,K397,,,26S protease regulatory subunit 6B,26S protease regulatory subunit 8,,Rpt3,Rpt6,,36.15,"K,y","J,x",
P43686,K273,P62195,K402,,,26S protease regulatory subunit 6B,26S protease regulatory subunit 8,,Rpt3,Rpt6,,36.15,"K,y","J,x",
P43686,K273,P62195,K397,,,26S protease regulatory subunit 6B,26S protease regulatory subunit 8,,Rpt3,Rpt6,,32.7,"K,y","J,x",
P43686,K238,P62195,K222,,,26S protease regulatory subunit 6B,26S protease regulatory subunit 8,,Rpt3,Rpt6,,48.150000000000006,"K,y","J,x",
P43686,K273,P62195,K393,,,26S protease regulatory subunit 6B,26S protease regulatory subunit 8,,Rpt3,Rpt6,,25.25,"K,y","J,x",
P43686,K273,P62195,K397,,,26S protease regulatory subunit 6B,26S protease regulatory subunit 8,,Rpt3,Rpt6,,25.25,"K,y","J,x",
P62333,K20,P62333,K27,,,26S protease regulatory subunit 10B,26S protease regulatory subunit 10B,,Rpt4,Rpt4,,14.9,"L,z","L,z",
P62333,K7,P62333,K15,,,26S protease regulatory subunit 10B,26S protease regulatory subunit 10B,,Rpt4,Rpt4,,23.05,"L,z","L,z",
P62333,K369,P62333,K373,,,26S protease regulatory subunit 10B,26S protease regulatory subunit 10B,,Rpt4,Rpt4,,24.35,"L,z","L,z",
P62333,K27,P62333,K34,,,26S protease regulatory subunit 10B,26S protease regulatory subunit 10B,,Rpt4,Rpt4,,21.950000000000003,"L,z","L,z",
P62333,K27,P62333,K38,,,26S protease regulatory subunit 10B,26S protease regulatory subunit 10B,,Rpt4,Rpt4,,21.950000000000003,"L,z","L,z",
P62333,K27,P62333,K34,,,26S protease regulatory subunit 10B,26S protease regulatory subunit 10B,,Rpt4,Rpt4,,19.4,"L,z","L,z",
P62333,K62,P62333,K93,,,26S protease regulatory subunit 10B,26S protease regulatory subunit 10B,,Rpt4,Rpt4,,30.9,"L,z","L,z",
P62333,K14,P17980,K56,,,26S protease regulatory subunit 10B,26S protease regulatory subunit 6A,,Rpt4,Rpt5,,22.15,"L,z","0,M",
P62333,K15,P17980,K56,,,26S protease regulatory subunit 10B,26S protease regulatory subunit 6A,,Rpt4,Rpt5,,22.15,"L,z","0,M",
P62333,K72,P17980,K125,,,26S protease regulatory subunit 10B,26S protease regulatory subunit 6A,,Rpt4,Rpt5,,29.45,"L,z","0,M",
P62333,K379,P17980,K294,,,26S protease regulatory subunit 10B,26S protease regulatory subunit 6A,,Rpt4,Rpt5,,38.6,"L,z","0,M",
P62333,K383,P17980,K294,,,26S protease regulatory subunit 10B,26S protease regulatory subunit 6A,,Rpt4,Rpt5,,38.6,"L,z","0,M",
P62333,K38,P17980,K144,,,26S protease regulatory subunit 10B,26S protease regulatory subunit 6A,,Rpt4,Rpt5,,28.85,"L,z","0,M",
P62333,K42,P17980,K144,,,26S protease regulatory subunit 10B,26S protease regulatory subunit 6A,,Rpt4,Rpt5,,28.85,"L,z","0,M",
P62333,K38,P17980,K144,,,26S protease regulatory subunit 10B,26S protease regulatory subunit 6A,,Rpt4,Rpt5,,24.0,"L,z","0,M",
P62333,K197,P17980,K276,,,26S protease regulatory subunit 10B,26S protease regulatory subunit 6A,,Rpt4,Rpt5,,25.25,"L,z","0,M",
P62333,K387,P17980,K294,,,26S protease regulatory subunit 10B,26S protease regulatory subunit 6A,,Rpt4,Rpt5,,27.950000000000003,"L,z","0,M",
P62333,K379,P17980,K294,,,26S protease regulatory subunit 10B,26S protease regulatory subunit 6A,,Rpt4,Rpt5,,27.950000000000003,"L,z","0,M",
P62333,K383,P17980,K294,,,26S protease regulatory subunit 10B,26S protease regulatory subunit 6A,,Rpt4,Rpt5,,27.950000000000003,"L,z","0,M",
P62333,K383,P17980,K294,,,26S protease regulatory subunit 10B,26S protease regulatory subunit 6A,,Rpt4,Rpt5,,32.25,"L,z","0,M",
P62333,K387,P17980,K294,,,26S protease regulatory subunit 10B,26S protease regulatory subunit 6A,,Rpt4,Rpt5,,32.25,"L,z","0,M",
P62333,K387,P17980,K294,,,26S protease regulatory subunit 10B,26S protease regulatory subunit 6A,,Rpt4,Rpt5,,29.5,"L,z","0,M",
P62333,K379,P17980,K294,,,26S protease regulatory subunit 10B,26S protease regulatory subunit 6A,,Rpt4,Rpt5,,29.5,"L,z","0,M",
P62333,K383,P17980,K294,,,26S protease regulatory subunit 10B,26S protease regulatory subunit 6A,,Rpt4,Rpt5,,29.5,"L,z","0,M",
P62333,K379,P17980,K294,,,26S protease regulatory subunit 10B,26S protease regulatory subunit 6A,,Rpt4,Rpt5,,29.5,"L,z","0,M",
P62333,K369,P17980,K193,,,26S protease regulatory subunit 10B,26S protease regulatory subunit 6A,,Rpt4,Rpt5,,27.6,"L,z","0,M",
P62333,K379,P17980,K351,,,26S protease regulatory subunit 10B,26S protease regulatory subunit 6A,,Rpt4,Rpt5,,16.05,"L,z","0,M",
P62333,K383,P17980,K351,,,26S protease regulatory subunit 10B,26S protease regulatory subunit 6A,,Rpt4,Rpt5,,16.05,"L,z","0,M",
P62333,K38,P17980,K144,,,26S protease regulatory subunit 10B,26S protease regulatory subunit 6A,,Rpt4,Rpt5,,32.55,"L,z","0,M",
P62333,K38,P17980,K146,,,26S protease regulatory subunit 10B,26S protease regulatory subunit 6A,,Rpt4,Rpt5,,32.55,"L,z","0,M",
P62333,K42,P17980,K144,,,26S protease regulatory subunit 10B,26S protease regulatory subunit 6A,,Rpt4,Rpt5,,32.55,"L,z","0,M",
P62333,K42,P17980,K146,,,26S protease regulatory subunit 10B,26S protease regulatory subunit 6A,,Rpt4,Rpt5,,32.55,"L,z","0,M",
P62333,K72,P17980,K300,,,26S protease regulatory subunit 10B,26S protease regulatory subunit 6A,,Rpt4,Rpt5,,33.849999999999994,"L,z","0,M",
P62333,K7,P17980,K53,,,26S protease regulatory subunit 10B,26S protease regulatory subunit 6A,,Rpt4,Rpt5,,31.4,"L,z","0,M",
P62333,K20,P17980,K16,,,26S protease regulatory subunit 10B,26S protease regulatory subunit 6A,,Rpt4,Rpt5,,26.25,"L,z","0,M",
P62333,K34,P17980,K16,,,26S protease regulatory subunit 10B,26S protease regulatory subunit 6A,,Rpt4,Rpt5,,30.65,"L,z","0,M",
P62333,K38,P17980,K16,,,26S protease regulatory subunit 10B,26S protease regulatory subunit 6A,,Rpt4,Rpt5,,30.65,"L,z","0,M",
P62333,K42,P17980,K144,,,26S protease regulatory subunit 10B,26S protease regulatory subunit 6A,,Rpt4,Rpt5,,21.75,"L,z","0,M",
P62333,K42,P17980,K144,,,26S protease regulatory subunit 10B,26S protease regulatory subunit 6A,,Rpt4,Rpt5,,25.700000000000003,"L,z","0,M",
P62333,K42,P17980,K146,,,26S protease regulatory subunit 10B,26S protease regulatory subunit 6A,,Rpt4,Rpt5,,25.700000000000003,"L,z","0,M",
P62333,K34,P17980,K144,,,26S protease regulatory subunit 10B,26S protease regulatory subunit 6A,,Rpt4,Rpt5,,25.55,"L,z","0,M",
P62333,K38,P17980,K144,,,26S protease regulatory subunit 10B,26S protease regulatory subunit 6A,,Rpt4,Rpt5,,25.55,"L,z","0,M",
P62333,K72,P62195,K222,,,26S protease regulatory subunit 10B,26S protease regulatory subunit 8,,Rpt4,Rpt6,,44.35,"L,z","J,x",
P62333,K206,P62195,K222,,,26S protease regulatory subunit 10B,26S protease regulatory subunit 8,,Rpt4,Rpt6,,36.7,"L,z","J,x",
P17980,K74,P17980,K81,,,26S protease regulatory subunit 6A,26S protease regulatory subunit 6A,,Rpt5,Rpt5,,20.4,"0,M","0,M",
P17980,K70,P17980,K74,,,26S protease regulatory subunit 6A,26S protease regulatory subunit 6A,,Rpt5,Rpt5,,24.200000000000003,"0,M","0,M",
P17980,K70,P17980,K81,,,26S protease regulatory subunit 6A,26S protease regulatory subunit 6A,,Rpt5,Rpt5,,17.0,"0,M","0,M",
P17980,K120,P17980,K146,,,26S protease regulatory subunit 6A,26S protease regulatory subunit 6A,,Rpt5,Rpt5,,15.55,"0,M","0,M",
P17980,K146,P17980,K276,,,26S protease regulatory subunit 6A,26S protease regulatory subunit 6A,,Rpt5,Rpt5,,22.95,"0,M","0,M",
P17980,K211,P17980,K245,,,26S protease regulatory subunit 6A,26S protease regulatory subunit 6A,,Rpt5,Rpt5,,44.55,"0,M","0,M",
P17980,K294,P17980,K300,,,26S protease regulatory subunit 6A,26S protease regulatory subunit 6A,,Rpt5,Rpt5,,47.35,"0,M","0,M",
P17980,K372,P17980,K397,,,26S protease regulatory subunit 6A,26S protease regulatory subunit 6A,,Rpt5,Rpt5,,44.05,"0,M","0,M",
P17980,K294,P17980,K351,,,26S protease regulatory subunit 6A,26S protease regulatory subunit 6A,,Rpt5,Rpt5,,28.3,"0,M","0,M",
P17980,K245,P17980,K372,,,26S protease regulatory subunit 6A,26S protease regulatory subunit 6A,,Rpt5,Rpt5,,42.7,"0,M","0,M",
P17980,K245,P17980,K278,,,26S protease regulatory subunit 6A,26S protease regulatory subunit 6A,,Rpt5,Rpt5,,39.25,"0,M","0,M",
P17980,K125,P62195,K222,,,26S protease regulatory subunit 6A,26S protease regulatory subunit 8,,Rpt5,Rpt6,,37.3,"0,M","J,x",
P62195,K346,P62195,K393,,,26S protease regulatory subunit 8,26S protease regulatory subunit 8,,Rpt6,Rpt6,,31.0,"J,x","J,x",
P62195,K330,P62195,K335,,,26S protease regulatory subunit 8,26S protease regulatory subunit 8,,Rpt6,Rpt6,,23.1,"J,x","J,x",
P62195,K82,P62195,K101,,,26S protease regulatory subunit 8,26S protease regulatory subunit 8,,Rpt6,Rpt6,,24.55,"J,x","J,x",
P62195,K83,P62195,K101,,,26S protease regulatory subunit 8,26S protease regulatory subunit 8,,Rpt6,Rpt6,,24.55,"J,x","J,x",
P62195,K88,P62195,K222,,,26S protease regulatory subunit 8,26S protease regulatory subunit 8,,Rpt6,Rpt6,,28.3,"J,x","J,x",
P62195,K94,P62195,K222,,,26S protease regulatory subunit 8,26S protease regulatory subunit 8,,Rpt6,Rpt6,,44.35,"J,x","J,x",
P62195,K88,P62195,K222,,,26S protease regulatory subunit 8,26S protease regulatory subunit 8,,Rpt6,Rpt6,,32.45,"J,x","J,x",
P62195,K94,P62195,K222,,,26S protease regulatory subunit 8,26S protease regulatory subunit 8,,Rpt6,Rpt6,,32.45,"J,x","J,x",
P62195,K393,P62195,K402,,,26S protease regulatory subunit 8,26S protease regulatory subunit 8,,Rpt6,Rpt6,,21.15,"J,x","J,x",
P62195,K330,P62195,K346,,,26S protease regulatory subunit 8,26S protease regulatory subunit 8,,Rpt6,Rpt6,,22.6,"J,x","J,x",
P62195,K156,P62195,K314,,,26S protease regulatory subunit 8,26S protease regulatory subunit 8,,Rpt6,Rpt6,,38.25,"J,x","J,x",
P62195,K130,P62195,K222,,,26S protease regulatory subunit 8,26S protease regulatory subunit 8,,Rpt6,Rpt6,,43.35,"J,x","J,x",
P62195,K142,P62195,K335,,,26S protease regulatory subunit 8,26S protease regulatory subunit 8,,Rpt6,Rpt6,,17.75,"J,x","J,x",
