Rpn1,K27|K31,Rpt6,K330
Rpn5,K441,Rpn8,K8
Rpn1,K66,Rpn1,K105
α7,K230,α7,K241
Rpn11,K222,Rpn8,K204
Rpn1,K39,Rpt6,K330
Rpn11,K152,Rpn9,K321
Rpt1,K13,Rpt6,K330
Rpn6,K223,Rpn6,K325
Rpt4,K206,Rpt6,K222
Rpn2,K302,Rpn2,K319
Rpn11,K222,Rpn2,K574
Rpt3,K217,Rpt4,K168
Rpn3,K325,Rpn7,K382
Rpt3,K401,Rpt4,K298
Rpt1,K422,Rpt2,K350
Rpn2,K357,Rpt2,K91
Rpt3,K238,Rpt4,K72
Rpn8,K180,Rpn8,K199
Rpn5,K98,Rpt4,K314
Rpn6,K175,Rpn6,K205
Rpn3,K404,Rpn7,K382
Rpn1,K343,Rpt1,K402
Rpn1,K41,Rpt6,K330
Rpt1,K407,Rpt1,K418
Rpn5,K52,Rpt4,K314
Rpn1,K860,Rpt2,K359
Rpn5,K207,Rpn5,K212
Rpn5,K98,Rpt3,K401
Rpn1,K623,Rpn1,K629
Rpt2,K387,Rpt2,K423
Rpn11,K215,Rpn8,K28
α4,K218,β4,K68
Rpn5,K301,Rpn5,K330
Rpt2,K293,Rpt2,K350
Rpt3,K238,Rpt6,K222
Rpt3,K330,Rpt6,K222
Rpn3,K84,Rpn3,K503
Rpt4,K197,Rpt5,K276
Rpt3,K401,Rpt3,K408
Rpt4,K383,Rpt5,K294
Rpt3,K80,Rpt6,K55
Rpn6,K223,Rpn7,K242
Rpn1,K858,Rpt2,K64
Rpn7,K165,Rpn7,K181
Rpn1,K41,Rpt6,K162
Rpn5,K147,Rpn5,K221
Rpt1,K407,Rpt1,K422
Rpt5,K294,Rpt5,K300
Rpn2,K319,Rpn2,K796
Rpn11,K281,Rpt6,K55
Rpn8,K33,Rpn8,K100
Rpn2,K123,Rpn2,K196
Rpn1,K858,Rpt2,K359
Rpn8,K100,Rpn8,K214
Rpn5,K98,Rpn5,K135
α7,K206,α7,K241
Rpt5,K300,Rpt6,K222
Rpn3,K315,Rpn8,K288
Rpn2,K292,Rpn2,K310
Rpn5,K147,Rpn5,K225
Rpn5,K160,Rpn5,K197
Rpn5,K121,Rpn5,K147
α7,K57,α7,K241
Rpn11,K257,Rpn6,K409
Rpn11,K277,Rpt6,K55
Rpt6,K393,α3,K210
Rpn11,K257,Rpn11,K273
Rpt3,K409,Rpt4,K298
Rpt1,K57,Rpt2,K178
Rpt2,K258,Rpt5,K300
Rpn11,K273,Rpn3,K499
Rpt1,K46,Rpt6,K287
Rpt3,K273,Rpt6,K393
Rpn1,K350,Rpt1,K356
Rpt2,K265,Rpt6,K94
Rpn2,K825,Rpn2,K868|K869
Rpn3,K89,Rpn3,K503
Rpt2,K24,Rpt6,K222
Rpt3,K404,α1,K181
Rpn9,Nterm,Rpn9,K99
Rpn11,K215,Rpn8,K180
Rpn3,K503,Rpn8,K293
Rpt2,K258,Rpt6,K94
Rpn6,K205,Rpn6,K246
Rpt1,K110,Rpt5,K81
Rpn11,K273,Rpt6,K125
Rpn3,K315,Rpn8,K287
Rpn5,K448,Rpn8,K8
Rpt1,K422,α4,K27
Rpt3,K408,Rpt4,K298
Rpt6,K402,α3,K210
Rpn5,K221,Rpn5,K262
Rpt1,K422,α4,K166
Rpt5,K70,Rpt5,K81
Rpn5,K368,Rpn9,K321
Rpt2,K91,Rpt2,K98
Rpt3,K238,Rpt4,K206
Rpt1,K248,Rpt6,K88
Rpt5,K70,Rpt5,K74
Rpn12,K297,Rpn12,K304
Rpn6,K32,Rpn6,K46
Rpt4,K42,Rpt5,K81
Rpt1,K248,Rpt2,K265
Rpn10,K98,Rpn8,K28
Rpt3,K330,Rpt6,K360
Rpn8,K8,Rpn8,K45
α7,K65,α7,K230
Rpt3,K404,α1,K171
Rpn3,K89,Rpt3,K46
Rpn11,K257,Rpn11,K277
Rpn1,K858,Rpt1,K356
Rpt4,K15,Rpt5,K56
Rpt4,K72,Rpt6,K222
Rpn11,K186,Rpt6,K101
α1,K55,α1,K171
Rpn2,K324,Rpn2,K796
Rpt6,K156,Rpt6,K314
Rpn3,K186,Rpn3,K223
Rpt2,K178,Rpt2,K237
Rpn3,K425,Rpn7,K349
β2,K249,β3,K194
Rpn3,K492,Rpt6,K38
Rpn3,K503,Rpn8,K288
Rpt3,K125,Rpt3,K255
Rpt1,K116,Rpt4,K206
Rpn6,K288,Rpn6,K304
Rpn6,K325,Rpn7,K242
Rpn2,K574,Rpn8,K28
Rpn8,K180,Rpt3,K70
Rpt2,K359,α4,K174
Rpn3,K499,Rpt6,K55
Rpn11,K154,Rpn8,K180
Rpn11,K273,Rpt6,K55
Rpt4,K7,Rpt4,K15
α7,K57,α7,K230
Rpt2,K237,Rpt2,K396
α3,K176,α4,K52
Rpn1,K41,Rpt2,K258
Rpn11,K264,Rpn7,K163
Rpn2,K807,Rpn2,K869
Rpt1,K248,Rpt2,K293
Rpt1,K34,Rpt6,K170
Rpt1,K418,Rpt2,K293
Rpn3,K84,Rpn8,K293
Rpn3,K84,Rpn8,K288
α3,K231,α3,K239
Rpt6,K397,α3,K210
Rpt1,K422,Rpt2,K293
Rpn1,K551,Rpn1,K623
Rpt3,K238,Rpt5,K294
Rpn11,K215,Rpn2,K574
Rpt4,K383,α1,K30
Rpt3,K330,Rpt6,K397
α1,K45,α1,K164
Rpt1,K415,Rpt1,K422
Rpt3,K273,Rpt6,K397
Rpn7,K93,Rpn7,K130
Rpn11,K154,Rpn11,K186
Rpn5,K179,Rpn5,K212
Rpt3,K80,Rpt4,K68
Rpn2,K720,Rpt6,K101
Rpn5,K15,Rpn5,K52
Rpn6,K141,Rpn6,K246
Rpt5,K294,Rpt5,K351
Rpn11,K257,Rpn7,K165
Rpn2,K327,Rpn2,K796
Rpt2,K258,Rpt6,K88
Rpn5,K92,Rpn5,K135
Rpt2,K258,Rpt2,K293
Rpn3,K315,Rpn3,K492
Rpt5,K146,Rpt5,K276
Rpt4,K38,Rpt5,K144|K146
Rpn5,K36,Rpn5,K78
α7,K192,α7,K238
Rpt1,K58,Rpt2,K69
Rpn9,K252,Rpn9,K301
Rpn2,K401,Rpt2,K98
Rpt1,K210,Rpt5,K372
α2,K53,α2,K165
α4,K115,α5,K91
Rpt2,K420,α4,K52
Rpn3,K80,Rpn3,K89
Rpn11,K215,Rpn8,K127
α6,K208,α6,K243
Rpn3,K503,Rpt6,K55
Rpt2,K423,α3,K176
Rpn3,K503,Rpt6,K125
α3,K187,α3,K246
Rpn8,K28,Rpn8,K127
Rpn5,K15,Rpt4,K314
Rpn6,K141,Rpn6,K175
Rpn1,K858,Rpt1,K402
Rpt4,K42,Rpt5,K144
Rpn5,K98,Rpt3,K397
Rpt4,K20,Rpt5,K16
β6,K73,β6,K104
Rpn3,K182,Rpn3,K223
β2,K237,β7,K201
Rpn1,K168,Rpt1,K34
Rpn1,K41,Rpt6,K170
α6,K41,α7,K230
Rpt4,K62,Rpt4,K93
α3,K187,α3,K238
Rpn5,K197,Rpn5,K349
α3,K54,α3,K205
α3,K187,α3,K239
Rpn3,K492,Rpt3,K62
β2,K237,β6,K204
Rpn5,K419,Rpn9,K321
Rpt1,K116,Rpt3,K238
α2,K176,α3,K54
Rpt1,K34,Rpt1,K46
Rpt3,K273,Rpt3,K330
Rpn7,K72,Rpn7,K75
Rpn5,K221,Rpn5,K225
Rpt2,K423,α4,K52
α1,K59,α7,K183
β6,K77,β6,K104
Rpt2,K86,Rpt2,K98
Rpt1,K407,α4,K166
Rpn6,K304,Rpn6,K355
α1,K30,α2,K53
Rpt1,K46,Rpt2,K61
Rpt4,K15,Rpt5,K53
α1,K30,α1,K171
Rpn6,K32,Rpn6,K71
Rpn6,K325,Rpn6,K373
Rpt3,K409,α1,K30
Rpn12,K281,Rpn3,K455
Rpn3,K374,Rpn3,K425
α3,K54,α3,K210
Rpt3,K192,Rpt6,K335
Rpn13,K21,Rpn13,K62
β3,K17,β3,K192
Rpt2,K217,Rpt2,K326
Rpt6,K88,Rpt6,K222
Rpn1,K754,Rpt2,K24
α4,K189,α4,K234
Rpn6,K409,Rpn7,K372
α7,K57,α7,K206
Rpn2,K574,Rpn8,K127
Rpt6,K130,Rpt6,K222
α5,K187,α6,K208
β6,K77,β6,K228
α3,K176,α4,K204
Rpn9,K99,Rpn9,K105
Rpt1,K340,Rpt5,K430
Rpn3,K76,Rpn3,K84
Rpn7,K181,Rpt3,K192
Rpt2,K178,Rpt6,K287
α3,K187,α3,K231
α1,K104,α2,K92
β5,K91,β6,K184
α4,K52,α4,K204
Rpt1,K407,α5,K209
Rpt4,K383,α7,K29
Rpt6,K184,Rpt6,K287
Rpt6,K94,Rpt6,K222
Rpn5,K15,Rpn5,K98
Rpt1,K100,Rpt5,K278
Rpn5,K92,Rpt3,K397
Rpn6,K159,α3,K54
α4,K27,α4,K166
Rpt1,K418,α4,K27
Rpn1,K41,Rpt1,K34
Rpt1,K57,Rpt6,K287
α7,K43,α7,K183
Rpn1,K858,Rpt1,K34
Rpn8,K199,Rpn9,K361
Rpt1,K407,α4,K174
Rpn1,K754,Rpt1,K268
α4,K174,α4,K193
α6,K41,α6,K217
Rpn10,K83,Rpn9,K186
Rpn5,K207,Rpn6,K274
Rpn8,K84,Rpt4,K48
Rpt3,K62,Rpt6,K38
Rpn5,K349,Rpn6,K304
Rpt6,K156,α3,K205
Rpt1,K181,Rpt1,K356