Protein1,Residue1,Protein2,Residue2,Copy1,Copy2,Iid
DDI1,31,DDI1,31,0,1,1
DDI1,31,DDI1,77,0,1,2
DDI1,31,DDI1,77,1,0,2
DDI1,31,DDI1,133,0,1,3
DDI1,31,DDI1,133,1,0,3
DDI1,31,DDI1,161,0,1,4
DDI1,31,DDI1,161,1,0,4
DDI1,31,DDI1,213,0,1,5
DDI1,31,DDI1,213,1,0,5
DDI1,77,DDI1,161,0,1,6
DDI1,77,DDI1,161,1,0,6
DDI1,77,DDI1,213,0,1,7
DDI1,77,DDI1,213,1,0,7
DDI1,133,DDI1,133,0,1,8
DDI1,133,DDI1,161,0,1,9
DDI1,133,DDI1,161,1,0,9
DDI1,133,DDI1,190,0,1,10
DDI1,133,DDI1,190,1,0,10
DDI1,133,DDI1,213,0,1,11
DDI1,133,DDI1,213,1,0,11
DDI1,161,DDI1,161,0,1,12
DDI1,161,DDI1,213,0,1,13
DDI1,161,DDI1,213,1,0,13
DDI1,213,DDI1,213,0,1,14
DDI2,67,DDI2,77,0,1,15
DDI2,67,DDI2,77,1,0,15
DDI2,77,DDI2,153,0,1,16
DDI2,77,DDI2,153,1,0,16
DDI1,213,DDI2,77,0,0,17
