Protein1,Residue1,Protein2,Residue2,Protein3,Residue3
DDI1,K77,DDI1,K161,DDI1,K291
DDI1,K77,DDI1,K291,DDI1,K382
DDI1,K133,DDI1,K133,DDI1,K213
DDI1,K133,DDI1,K133,DDI1,K291
DDI1,K133,DDI1,K161,DDI1,K213
DDI1,K133,DDI1,K161,DDI1,K291
DDI1,K133,DDI1,K161,DDI1,K345
DDI1,K133,DDI1,K161,DDI2,K337
DDI1,K133,DDI1,K213,DDI1,K291
DDI1,K133,DDI1,K213,DDI1,K345
DDI1,K133,DDI1,K213,DDI2,K337
DDI1,K133,DDI1,K291,DDI1,K291
DDI1,K133,DDI1,K291,DDI1,K382
DDI1,K161,DDI1,K161,DDI1,K291
DDI1,K161,DDI1,K213,DDI1,K291
DDI1,K161,DDI1,K291,DDI1,K382
DDI1,K190,DDI1,K291,DDI1,K382
DDI1,K77,DDI1,K213,DDI1,K291
DDI1,K213,DDI1,K291,DDI1,K382
DDI1,K291,DDI1,K291,DDI1,K345
DDI1,K291,DDI1,K291,DDI1,K382
