Gene A,Resi A,Gene B,Resi B,Gene C,Resi C,Peptide,R1_L_only,R1_Mixed,R1_H_only,R2_L_only,R2_Mixed,R2_H_only,NR1_L_only,NR1_Mixed,NR1_H_only,NR2_L_only,NR2_Mixed,NR2_H_only,R1_TSTO,R2_TSTO,Avg_TSTO,DSSO
DDI1,77,DDI1,161,DDI1,291,DGDIVVLLQKDNVGPRSMLLSNPHDLSLLKERWAGVAKGVGTQR,1.00E+09,3.10E+08,5.40E+08,2.10E+08,1.20E+08,1.40E+08,1,0.3,0.54,1,0.56,0.68,0.4,0.67,0.53,
DDI1,77,DDI1,161,,,DGDIVVLLQKDNVGPRSMLLSNPHDLSLLKER,2.10E+09,6.20E+08,1.30E+09,8.70E+08,1.80E+08,4.90E+08,1,0.29,0.62,1,0.21,0.56,0.36,0.26,0.31,
DDI1,77,DDI1,291,,,DGDIVVLLQKDNVGPRWAGVAKGVGTQR,3.00E+09,7.70E+08,2.00E+09,1.20E+08,2.80E+07,1.00E+08,1,0.25,0.65,1,0.24,0.89,0.31,0.26,0.28,0.23
DDI1,161,DDI1,291,,,SMLLSNPHDLSLLKERWAGVAKGVGTQR,3.20E+10,4.70E+09,2.10E+10,5.10E+10,8.20E+09,3.60E+10,1,0.15,0.68,1,0.16,0.7,0.18,0.19,0.18,0.21
DDI1,77,DDI1,291,DDI1,382,DGDIVVLLQKDNVGPRWAGVAKGVGTQRMVSGQDESSDKEITHSVMDSGR,5.50E+07,3.40E+07,3.10E+07,1.10E+07,3.00E+06,5.30E+06,1,0.62,0.56,1,0.27,0.49,0.8,0.37,0.58,
DDI1,77,DDI1,291,,,DGDIVVLLQKDNVGPRWAGVAKGVGTQR,3.00E+09,7.70E+08,2.00E+09,1.20E+08,2.80E+07,1.00E+08,1,0.25,0.65,1,0.24,0.89,0.31,0.26,0.28,0.23
DDI1,77,DDI1,382,,,DGDIVVLLQKDNVGPRMVSGQDESSDKEITHSVMDSGR,2.10E+07,5.10E+06,1.30E+07,4.90E+07,8.60E+06,2.90E+07,1,0.24,0.63,1,0.18,0.59,0.29,0.22,0.26,0.18
DDI1,291,DDI1,382,,,"WAGVAKGVGTQRMVSGQDESSDKEITHSVMDSGR, RWAGVAKGVGTQRMVSGQDESSDKEITHSVMDSGR",1.40E+11,5.60E+09,1.00E+11,1.30E+11,4.90E+09,8.60E+10,1,0.04,0.72,1,0.04,0.69,0.05,0.05,0.05,0.03
DDI1,133,DDI1,133,DDI1,213,SQGLASGEKVAGLQGLGSPALIRSQGLASGEKVAGLQGLGSPALIREAQAKIEEEIR,2.40E+08,1.60E+08,1.40E+08,6.20E+07,3.40E+07,3.00E+07,1,0.66,0.57,1,0.54,0.49,0.84,0.73,0.78,
DDI1,133,DDI1,133,,,SQGLASGEKVAGLQGLGSPALIRSQGLASGEKVAGLQGLGSPALIR,1.80E+07,9.20E+06,9.70E+06,1.80E+07,6.20E+06,5.70E+06,1,0.51,0.54,1,0.34,0.31,0.67,0.52,0.59,0.8
DDI1,133,DDI1,213,,,SQGLASGEKVAGLQGLGSPALIREAQAKIEEEIR,9.20E+09,1.00E+09,5.60E+09,1.80E+10,1.70E+09,9.80E+09,1,0.11,0.61,1,0.09,0.55,0.14,0.12,0.13,0.26
DDI1,133,DDI1,133,DDI1,291,SQGLASGEKVAGLQGLGSPALIRSQGLASGEKVAGLQGLGSPALIRWAGVAKGVGTQR,1.60E+07,7.70E+06,1.00E+07,4.40E+07,2.80E+07,3.70E+07,1,0.49,0.66,1,0.63,0.84,0.59,0.68,0.64,
DDI1,133,DDI1,133,,,SQGLASGEKVAGLQGLGSPALIRSQGLASGEKVAGLQGLGSPALIR,1.80E+07,9.20E+06,9.70E+06,1.80E+07,6.20E+06,5.70E+06,1,0.51,0.54,1,0.34,0.31,0.67,0.52,0.59,0.8
DDI1,133,DDI1,291,,,SQGLASGEKVAGLQGLGSPALIRWAGVAKGVGTQR,7.10E+10,8.10E+09,4.80E+10,9.00E+10,1.10E+10,6.00E+10,1,0.11,0.68,1,0.12,0.67,0.14,0.15,0.14,0.19
DDI1,133,DDI1,161,DDI1,213,SQGLASGEKVAGLQGLGSPALIRSMLLSNPHDLSLLKEREAQAKIEEEIR,7.60E+07,3.70E+07,7.10E+07,2.20E+07,1.30E+07,1.30E+07,1,0.49,0.93,1,0.57,0.56,0.5,0.73,0.62,
DDI1,133,DDI1,161,,,SQGLASGEKVAGLQGLGSPALIRSMLLSNPHDLSLLKER,1.00E+11,2.40E+10,5.90E+10,5.70E+10,1.20E+10,3.10E+10,1,0.23,0.57,1,0.22,0.54,0.29,0.28,0.29,0.35
DDI1,133,DDI1,213,,,SQGLASGEKVAGLQGLGSPALIREAQAKIEEEIR,9.20E+09,1.00E+09,5.60E+09,1.80E+10,1.70E+09,9.80E+09,1,0.11,0.61,1,0.09,0.55,0.14,0.12,0.13,0.26
DDI1,161,DDI1,213,,,SMLLSNPHDLSLLKEREAQAKIEEEIR,1.40E+09,5.30E+08,1.20E+09,1.00E+10,3.00E+09,6.80E+09,1,0.37,0.83,1,0.3,0.67,0.41,0.36,0.38,0.41
DDI1,133,DDI1,161,DDI1,291,SQGLASGEKVAGLQGLGSPALIRSMLLSNPHDLSLLKERWAGVAKGVGTQR,2.90E+09,1.30E+09,1.90E+09,3.00E+08,8.00E+07,1.50E+08,1,0.44,0.67,1,0.26,0.48,0.52,0.36,0.44,
DDI1,133,DDI1,161,,,SQGLASGEKVAGLQGLGSPALIRSMLLSNPHDLSLLKER,1.00E+11,2.40E+10,5.90E+10,5.70E+10,1.20E+10,3.10E+10,1,0.23,0.57,1,0.22,0.54,0.29,0.28,0.29,0.35
DDI1,133,DDI1,291,,,SQGLASGEKVAGLQGLGSPALIRWAGVAKGVGTQR,7.10E+10,8.10E+09,4.80E+10,9.00E+10,1.10E+10,6.00E+10,1,0.11,0.68,1,0.12,0.67,0.14,0.15,0.14,0.19
DDI1,161,DDI1,291,,,SMLLSNPHDLSLLKERWAGVAKGVGTQR,3.20E+10,4.70E+09,2.10E+10,5.10E+10,8.20E+09,3.60E+10,1,0.15,0.68,1,0.16,0.7,0.18,0.19,0.18,0.21
DDI1,133,DDI1,161,"DDI1, DDI2","345, 337",SQGLASGEKVAGLQGLGSPALIRSMLLSNPHDLSLLKERHQCSIDLKK,1.60E+07,4.30E+06,9.60E+06,6.10E+07,1.50E+07,2.90E+07,1,0.26,0.59,1,0.25,0.49,0.33,0.33,0.33,
DDI1,133,DDI1,161,,,SQGLASGEKVAGLQGLGSPALIRSMLLSNPHDLSLLKER,1.00E+11,2.40E+10,5.90E+10,5.70E+10,1.20E+10,3.10E+10,1,0.23,0.57,1,0.22,0.54,0.29,0.28,0.29,0.35
DDI1,133,"DDI1, DDI2","345, 337",,,"SQGLASGEKVAGLQGLGSPALIRHQCSIDLKK, SQGLASGEKVAGLQGLGSPALIRRHQCSIDLKK",6.60E+09,7.00E+08,4.40E+09,7.20E+07,1.20E+07,4.50E+07,1,0.11,0.67,1,0.16,0.63,0.13,0.2,0.16,0.19
DDI1,161,"DDI1, DDI2","345, 337",,,SMLLSNPHDLSLLKERHQCSIDLKK,1.70E+08,1.60E+07,7.90E+07,1.30E+07,1.70E+06,8.40E+06,1,0.09,0.46,1,0.13,0.65,0.13,0.16,0.14,0.22
DDI1,133,DDI1,213,DDI1,291,SQGLASGEKVAGLQGLGSPALIREAQAKIEEEIRWAGVAKGVGTQR,3.50E+09,5.60E+08,1.90E+09,7.00E+07,1.10E+07,5.60E+07,1,0.16,0.54,1,0.16,0.81,0.21,0.18,0.19,
DDI1,133,DDI1,213,,,SQGLASGEKVAGLQGLGSPALIREAQAKIEEEIR,9.20E+09,1.00E+09,5.60E+09,1.80E+10,1.70E+09,9.80E+09,1,0.11,0.61,1,0.09,0.55,0.14,0.12,0.13,0.26
DDI1,133,DDI1,291,,,SQGLASGEKVAGLQGLGSPALIRWAGVAKGVGTQR,7.10E+10,8.10E+09,4.80E+10,9.00E+10,1.10E+10,6.00E+10,1,0.11,0.68,1,0.12,0.67,0.14,0.15,0.14,0.19
DDI1,213,DDI1,291,,,"EAQAKIEEEIRWAGVAKGVGTQR, LYTADPLDREAQAKIEEEIRWAGVAKGVGTQR",1.30E+09,9.70E+07,9.30E+08,7.60E+08,6.70E+07,4.00E+08,1,0.08,0.72,1,0.09,0.53,0.09,0.12,0.1,0.08
DDI1,133,DDI1,213,"DDI1, DDI2","345, 337",SQGLASGEKVAGLQGLGSPALIREAQAKIEEEIRHQCSIDLKK,1.20E+08,7.10E+07,5.10E+07,9.20E+07,2.00E+07,4.60E+07,1,0.57,0.41,1,0.21,0.5,0.81,0.29,0.55,
DDI1,133,DDI1,213,,,SQGLASGEKVAGLQGLGSPALIREAQAKIEEEIR,9.20E+09,1.00E+09,5.60E+09,1.80E+10,1.70E+09,9.80E+09,1,0.11,0.61,1,0.09,0.55,0.14,0.12,0.13,0.26
DDI1,133,"DDI1, DDI2","345, 337",,,"SQGLASGEKVAGLQGLGSPALIRHQCSIDLKK, SQGLASGEKVAGLQGLGSPALIRRHQCSIDLKK",6.60E+09,7.00E+08,4.40E+09,7.20E+07,1.20E+07,4.50E+07,1,0.11,0.67,1,0.16,0.63,0.13,0.2,0.16,0.19
DDI1,213,"DDI1, DDI2","345, 337",,,EAQAKIEEEIRRHQCSIDLKK,1.00E+09,3.40E+07,7.70E+08,4.00E+08,1.80E+07,2.40E+08,1,0.03,0.74,1,0.04,0.6,0.04,0.05,0.05,0.15
DDI1,133,DDI1,291,DDI1,291,SQGLASGEKVAGLQGLGSPALIRWAGVAKGVGTQRWAGVAKGVGTQR,2.80E+08,3.70E+07,2.00E+08,2.20E+08,2.90E+07,1.30E+08,1,0.13,0.71,1,0.13,0.6,0.16,0.17,0.16,
DDI1,133,DDI1,291,,,SQGLASGEKVAGLQGLGSPALIRWAGVAKGVGTQR,7.10E+10,8.10E+09,4.80E+10,9.00E+10,1.10E+10,6.00E+10,1,0.11,0.68,1,0.12,0.67,0.14,0.15,0.14,0.19
DDI1,291,DDI1,291,,,"WAGVAKGVGTQRWAGVAKGVGTQR, RWAGVAKGVGTQRWAGVAKGVGTQR",6.90E+10,1.60E+09,4.10E+10,2.00E+10,4.40E+08,1.20E+10,1,0.02,0.6,1,0.02,0.61,0.03,0.03,0.03,0.04
DDI1,133,DDI1,291,DDI1,382,SQGLASGEKVAGLQGLGSPALIRWAGVAKGVGTQRMVSGQDESSDKEITHSVMDSGR,3.30E+07,1.00E+07,1.30E+07,4.50E+06,1.00E+06,2.00E+06,1,0.31,0.39,1,0.23,0.45,0.44,0.32,0.38,
DDI1,133,DDI1,291,,,SQGLASGEKVAGLQGLGSPALIRWAGVAKGVGTQR,7.10E+10,8.10E+09,4.80E+10,9.00E+10,1.10E+10,6.00E+10,1,0.11,0.68,1,0.12,0.67,0.14,0.15,0.14,0.19
DDI1,133,DDI1,382,,,SQGLASGEKVAGLQGLGSPALIRMVSGQDESSDKEITHSVMDSGR,5.50E+08,1.30E+08,5.80E+08,2.20E+09,2.70E+08,1.30E+09,0.96,0.22,1,1,0.13,0.6,0.22,0.16,0.19,0.19
DDI1,291,DDI1,382,,,"WAGVAKGVGTQRMVSGQDESSDKEITHSVMDSGR, RWAGVAKGVGTQRMVSGQDESSDKEITHSVMDSGR",1.40E+11,5.60E+09,1.00E+11,1.30E+11,4.90E+09,8.60E+10,1,0.04,0.72,1,0.04,0.69,0.05,0.05,0.05,0.03
DDI1,161,DDI1,161,DDI1,291,SMLLSNPHDLSLLKERSMLLSNPHDLSLLKERWAGVAKGVGTQR,3.00E+08,1.20E+08,1.30E+08,1.00E+07,3.90E+06,5.10E+06,1,0.39,0.43,1,0.38,0.51,0.54,0.51,0.53,
DDI1,161,DDI1,161,,,SMLLSNPHDLSLLKERSMLLSNPHDLSLLKER,1.60E+09,6.70E+08,7.30E+08,1.80E+09,1.20E+09,1.10E+09,1,0.41,0.45,1,0.65,0.59,0.56,0.82,0.69,0.96
DDI1,161,DDI1,291,,,SMLLSNPHDLSLLKERWAGVAKGVGTQR,3.20E+10,4.70E+09,2.10E+10,5.10E+10,8.20E+09,3.60E+10,1,0.15,0.68,1,0.16,0.7,0.18,0.19,0.18,0.21
DDI1,161,DDI1,213,DDI1,291,SMLLSNPHDLSLLKEREAQAKIEEEIRWAGVAKGVGTQR,3.40E+08,1.40E+08,2.40E+08,1.20E+07,6.40E+06,1.10E+07,1,0.41,0.73,1,0.53,0.89,0.48,0.56,0.52,
DDI1,161,DDI1,213,,,SMLLSNPHDLSLLKEREAQAKIEEEIR,1.40E+09,5.30E+08,1.20E+09,1.00E+10,3.00E+09,6.80E+09,1,0.37,0.83,1,0.3,0.67,0.41,0.36,0.38,0.41
DDI1,161,DDI1,291,,,SMLLSNPHDLSLLKERWAGVAKGVGTQR,3.20E+10,4.70E+09,2.10E+10,5.10E+10,8.20E+09,3.60E+10,1,0.15,0.68,1,0.16,0.7,0.18,0.19,0.18,0.21
DDI1,213,DDI1,291,,,"EAQAKIEEEIRWAGVAKGVGTQR, LYTADPLDREAQAKIEEEIRWAGVAKGVGTQR",1.30E+09,9.70E+07,9.30E+08,7.60E+08,6.70E+07,4.00E+08,1,0.08,0.72,1,0.09,0.53,0.09,0.12,0.1,0.08
DDI1,161,DDI1,291,DDI1,382,SMLLSNPHDLSLLKERWAGVAKGVGTQRMVSGQDESSDKEITHSVMDSGR,1.40E+08,2.70E+07,8.30E+07,1.10E+07,3.40E+06,8.20E+06,1,0.19,0.58,1,0.32,0.76,0.24,0.36,0.3,
DDI1,161,DDI1,291,,,SMLLSNPHDLSLLKERWAGVAKGVGTQR,3.20E+10,4.70E+09,2.10E+10,5.10E+10,8.20E+09,3.60E+10,1,0.15,0.68,1,0.16,0.7,0.18,0.19,0.18,0.21
DDI1,161,DDI1,382,,,SMLLSNPHDLSLLKERMVSGQDESSDKEITHSVMDSGR,2.50E+09,3.60E+08,1.20E+09,6.40E+08,1.10E+08,3.00E+08,1,0.14,0.47,1,0.18,0.47,0.19,0.24,0.21,0.11
DDI1,291,DDI1,382,,,"WAGVAKGVGTQRMVSGQDESSDKEITHSVMDSGR, RWAGVAKGVGTQRMVSGQDESSDKEITHSVMDSGR",1.40E+11,5.60E+09,1.00E+11,1.30E+11,4.90E+09,8.60E+10,1,0.04,0.72,1,0.04,0.69,0.05,0.05,0.05,0.03
DDI1,190,DDI1,291,DDI1,382,EKALRWAGVAKGVGTQRMVSGQDESSDKEITHSVMDSGR,1.70E+09,2.70E+08,1.10E+09,1.30E+09,2.20E+08,1.10E+09,1,0.15,0.64,1,0.16,0.81,0.19,0.18,0.18,
DDI1,190,DDI1,291,,,EKALRWAGVAKGVGTQR,5.70E+10,7.50E+08,4.10E+10,5.70E+08,3.80E+07,3.40E+08,1,0.01,0.72,1,0.07,0.6,0.02,0.08,0.05,
DDI1,291,DDI1,382,,,"WAGVAKGVGTQRMVSGQDESSDKEITHSVMDSGR, RWAGVAKGVGTQRMVSGQDESSDKEITHSVMDSGR",1.40E+11,5.60E+09,1.00E+11,1.30E+11,4.90E+09,8.60E+10,1,0.04,0.72,1,0.04,0.69,0.05,0.05,0.05,0.03
DDI1,190,DDI1,382,,,---,---,---,---,---,---,---,---,---,---,---,---,---,---,---,---,
DDI1,77,DDI1,213,DDI1,291,DGDIVVLLQKDNVGPREAQAKIEEEIRWAGVAKGVGTQR,4.10E+08,5.20E+08,3.10E+08,2.10E+08,3.40E+08,1.70E+08,0.8,1,0.59,0.62,1,0.51,1.44,1.78,1.61,
DDI1,77,DDI1,213,,,DGDIVVLLQKDNVGPREAQAKIEEEIR,1.40E+09,1.20E+08,9.40E+08,7.70E+08,1.30E+08,7.40E+08,1,0.09,0.67,1,0.17,0.96,0.1,0.18,0.14,0.13
DDI1,77,DDI1,291,,,DGDIVVLLQKDNVGPRWAGVAKGVGTQR,3.00E+09,7.70E+08,2.00E+09,1.20E+08,2.80E+07,1.00E+08,1,0.25,0.65,1,0.24,0.89,0.31,0.26,0.28,0.23
DDI1,213,DDI1,291,,,"EAQAKIEEEIRWAGVAKGVGTQR, LYTADPLDREAQAKIEEEIRWAGVAKGVGTQR",1.30E+09,9.70E+07,9.30E+08,7.60E+08,6.70E+07,4.00E+08,1,0.08,0.72,1,0.09,0.53,0.09,0.12,0.1,0.08
DDI1,213,DDI1,291,DDI1,382,EAQAKIEEEIRWAGVAKGVGTQRMVSGQDESSDKEITHSVMDSGR,4.30E+09,2.40E+08,2.90E+09,2.70E+09,2.60E+08,1.90E+09,1,0.05,0.67,1,0.09,0.71,0.07,0.11,0.09,
DDI1,213,DDI1,291,,,"EAQAKIEEEIRWAGVAKGVGTQR, LYTADPLDREAQAKIEEEIRWAGVAKGVGTQR",1.30E+09,9.70E+07,9.30E+08,7.60E+08,6.70E+07,4.00E+08,1,0.08,0.72,1,0.09,0.53,0.09,0.12,0.1,0.08
DDI1,213,DDI1,382,,,"EAQAKIEEEIRMVSGQDESSDKEITHSVMDSGR, LYTADPLDREAQAKIEEEIRMVSGQDESSDKEITHSVMDSGR",6.10E+09,8.30E+08,4.90E+09,1.20E+09,3.70E+08,1.10E+09,1,0.14,0.8,1,0.3,0.87,0.15,0.33,0.24,0.05
DDI1,291,DDI1,382,,,"WAGVAKGVGTQRMVSGQDESSDKEITHSVMDSGR, RWAGVAKGVGTQRMVSGQDESSDKEITHSVMDSGR",1.40E+11,5.60E+09,1.00E+11,1.30E+11,4.90E+09,8.60E+10,1,0.04,0.72,1,0.04,0.69,0.05,0.05,0.05,0.03
DDI1,291,DDI1,291,DDI1,345,WAGVAKGVGTQRWAGVAKGVGTQRHQCSIDLKK,8.80E+07,8.60E+06,7.00E+07,6.20E+07,9.70E+06,4.60E+07,1,0.1,0.8,1,0.16,0.74,0.11,0.18,0.14,
DDI1,291,DDI1,291,,,"WAGVAKGVGTQRWAGVAKGVGTQR, RWAGVAKGVGTQRWAGVAKGVGTQR",6.90E+10,1.60E+09,4.10E+10,2.00E+10,4.40E+08,1.20E+10,1,0.02,0.6,1,0.02,0.61,0.03,0.03,0.03,0.04
DDI1,291,DDI1,345,,,---,---,---,---,---,---,---,---,---,---,---,---,---,---,---,---,
DDI1,291,DDI1,291,DDI1,382,WAGVAKGVGTQRWAGVAKGVGTQRMVSGQDESSDKEITHSVMDSGR,5.10E+08,9.90E+07,4.90E+08,1.10E+08,1.50E+07,6.10E+07,1,0.19,0.96,1,0.14,0.57,0.2,0.18,0.19,
DDI1,291,DDI1,291,,,"WAGVAKGVGTQRWAGVAKGVGTQR, RWAGVAKGVGTQRWAGVAKGVGTQR",6.90E+10,1.60E+09,4.10E+10,2.00E+10,4.40E+08,1.20E+10,1,0.02,0.6,1,0.02,0.61,0.03,0.03,0.03,0.04
DDI1,291,DDI1,382,,,"WAGVAKGVGTQRMVSGQDESSDKEITHSVMDSGR, RWAGVAKGVGTQRMVSGQDESSDKEITHSVMDSGR",1.40E+11,5.60E+09,1.00E+11,1.30E+11,4.90E+09,8.60E+10,1,0.04,0.72,1,0.04,0.69,0.05,0.05,0.05,0.03
DDI1,31,DDI1,31,,,NFKVLCEAESRNFKVLCEAESR,4.90E+08,3.10E+08,6.00E+08,1.00E+08,5.40E+07,7.60E+07,0.81,0.51,1,1,0.54,0.76,0.56,0.61,0.59,
DDI1,31,DDI1,77,,,NFKVLCEAESRDGDIVVLLQKDNVGPR,1.30E+09,8.30E+07,7.10E+08,9.00E+07,2.30E+07,8.10E+07,1,0.07,0.57,1,0.26,0.9,0.08,0.27,0.18,0.01
DDI1,31,DDI1,133,,,NFKVLCEAESRSQGLASGEKVAGLQGLGSPALIR,5.80E+09,8.60E+08,3.30E+09,1.50E+09,2.30E+08,1.10E+09,1,0.15,0.57,1,0.15,0.69,0.19,0.18,0.18,0.15
DDI1,31,DDI1,161,,,NFKVLCEAESRSMLLSNPHDLSLLKER,1.70E+09,1.60E+08,8.00E+08,5.50E+07,6.00E+06,2.40E+07,1,0.1,0.48,1,0.11,0.44,0.13,0.15,0.14,
DDI1,31,DDI1,213,,,NFKVLCEAESREAQAKIEEEIR,3.10E+08,3.90E+07,1.40E+08,2.50E+08,5.10E+07,1.20E+08,1,0.12,0.45,1,0.21,0.5,0.17,0.28,0.22,
DDI1,31,DDI1,291,,,NFKVLCEAESRWAGVAKGVGTQR,5.80E+08,5.40E+07,6.50E+08,4.00E+07,5.80E+06,2.30E+07,0.89,0.08,1,1,0.15,0.59,0.09,0.18,0.14,
DDI1,31,DDI1,382,,,NFKVLCEAESRMVSGQDESSDKEITHSVMDSGR,2.80E+08,2.90E+07,9.20E+07,1.30E+08,1.50E+07,8.30E+07,1,0.1,0.33,1,0.12,0.65,0.16,0.14,0.15,
DDI1,77,DDI1,161,,,DGDIVVLLQKDNVGPRSMLLSNPHDLSLLKER,2.10E+09,6.20E+08,1.30E+09,8.70E+08,1.80E+08,4.90E+08,1,0.29,0.62,1,0.21,0.56,0.36,0.26,0.31,
DDI1,77,DDI1,213,,,DGDIVVLLQKDNVGPREAQAKIEEEIR,1.40E+09,1.20E+08,9.40E+08,7.70E+08,1.30E+08,7.40E+08,1,0.09,0.67,1,0.17,0.96,0.1,0.18,0.14,0.13
DDI1,77,DDI1,291,,,DGDIVVLLQKDNVGPRWAGVAKGVGTQR,3.00E+09,7.70E+08,2.00E+09,1.20E+08,2.80E+07,1.00E+08,1,0.25,0.65,1,0.24,0.89,0.31,0.26,0.28,0.23
DDI1,77,DDI1,382,,,DGDIVVLLQKDNVGPRMVSGQDESSDKEITHSVMDSGR,2.10E+07,5.10E+06,1.30E+07,4.90E+07,8.60E+06,2.90E+07,1,0.24,0.63,1,0.18,0.59,0.29,0.22,0.26,0.18
DDI1,133,DDI1,133,,,SQGLASGEKVAGLQGLGSPALIRSQGLASGEKVAGLQGLGSPALIR,1.80E+07,9.20E+06,9.70E+06,1.80E+07,6.20E+06,5.70E+06,1,0.51,0.54,1,0.34,0.31,0.67,0.52,0.59,0.8
DDI1,133,DDI1,161,,,SQGLASGEKVAGLQGLGSPALIRSMLLSNPHDLSLLKER,1.00E+11,2.40E+10,5.90E+10,5.70E+10,1.20E+10,3.10E+10,1,0.23,0.57,1,0.22,0.54,0.29,0.28,0.29,0.35
DDI1,133,DDI1,190,,,SQGLASGEKVAGLQGLGSPALIREKALR,1.20E+12,3.70E+10,8.30E+11,1.30E+11,4.10E+09,9.30E+10,1,0.03,0.67,1,0.03,0.69,0.04,0.04,0.04,
DDI1,133,DDI1,213,,,SQGLASGEKVAGLQGLGSPALIREAQAKIEEEIR,9.20E+09,1.00E+09,5.60E+09,1.80E+10,1.70E+09,9.80E+09,1,0.11,0.61,1,0.09,0.55,0.14,0.12,0.13,0.26
DDI1,133,DDI1,291,,,SQGLASGEKVAGLQGLGSPALIRWAGVAKGVGTQR,7.10E+10,8.10E+09,4.80E+10,9.00E+10,1.10E+10,6.00E+10,1,0.11,0.68,1,0.12,0.67,0.14,0.15,0.14,0.19
DDI1,133,DDI1,382,,,SQGLASGEKVAGLQGLGSPALIRMVSGQDESSDKEITHSVMDSGR,5.50E+08,1.30E+08,5.80E+08,2.20E+09,2.70E+08,1.30E+09,0.96,0.22,1,1,0.13,0.6,0.22,0.16,0.19,0.19
DDI1,161,DDI1,161,,,SMLLSNPHDLSLLKERSMLLSNPHDLSLLKER,1.60E+09,6.70E+08,7.30E+08,1.80E+09,1.20E+09,1.10E+09,1,0.41,0.45,1,0.65,0.59,0.56,0.82,0.69,0.96
DDI1,161,DDI1,213,,,SMLLSNPHDLSLLKEREAQAKIEEEIR,1.40E+09,5.30E+08,1.20E+09,1.00E+10,3.00E+09,6.80E+09,1,0.37,0.83,1,0.3,0.67,0.41,0.36,0.38,0.41
DDI1,161,DDI1,291,,,SMLLSNPHDLSLLKERWAGVAKGVGTQR,3.20E+10,4.70E+09,2.10E+10,5.10E+10,8.20E+09,3.60E+10,1,0.15,0.68,1,0.16,0.7,0.18,0.19,0.18,0.21
DDI1,161,DDI1,382,,,SMLLSNPHDLSLLKERMVSGQDESSDKEITHSVMDSGR,2.50E+09,3.60E+08,1.20E+09,6.40E+08,1.10E+08,3.00E+08,1,0.14,0.47,1,0.18,0.47,0.19,0.24,0.21,0.11
DDI1,190,DDI1,291,,,EKALRWAGVAKGVGTQR,5.70E+10,7.50E+08,4.10E+10,5.70E+08,3.80E+07,3.40E+08,1,0.01,0.72,1,0.07,0.6,0.02,0.08,0.05,
DDI1,213,DDI1,213,,,"EAQAKIEEEIREAQAKIEEEIR, LYTADPLDREAQAKIEEEIREAQAKIEEEIR",2.20E+08,1.60E+08,4.60E+08,1.50E+08,9.60E+07,2.10E+08,0.48,0.34,1,0.69,0.45,1,0.46,0.54,0.5,
DDI1,213,DDI1,291,,,"EAQAKIEEEIRWAGVAKGVGTQR, LYTADPLDREAQAKIEEEIRWAGVAKGVGTQR",1.30E+09,9.70E+07,9.30E+08,7.60E+08,6.70E+07,4.00E+08,1,0.08,0.72,1,0.09,0.53,0.09,0.12,0.1,0.08
DDI1,213,DDI1,382,,,"EAQAKIEEEIRMVSGQDESSDKEITHSVMDSGR, LYTADPLDREAQAKIEEEIRMVSGQDESSDKEITHSVMDSGR",6.10E+09,8.30E+08,4.90E+09,1.20E+09,3.70E+08,1.10E+09,1,0.14,0.8,1,0.3,0.87,0.15,0.33,0.24,0.05
DDI1,256,DDI1,291,,,VNGHPLKAFVDSGAQMTIMSQACAERWAGVAKGVGTQR,9.60E+07,6.10E+06,5.10E+07,5.80E+07,3.20E+06,2.10E+07,1,0.06,0.54,1,0.06,0.36,0.08,0.08,0.08,
DDI1,291,DDI1,291,,,"WAGVAKGVGTQRWAGVAKGVGTQR, RWAGVAKGVGTQRWAGVAKGVGTQR",6.90E+10,1.60E+09,4.10E+10,2.00E+10,4.40E+08,1.20E+10,1,0.02,0.6,1,0.02,0.61,0.03,0.03,0.03,0.04
DDI1,291,DDI1,382,,,"WAGVAKGVGTQRMVSGQDESSDKEITHSVMDSGR, RWAGVAKGVGTQRMVSGQDESSDKEITHSVMDSGR",1.40E+11,5.60E+09,1.00E+11,1.30E+11,4.90E+09,8.60E+10,1,0.04,0.72,1,0.04,0.69,0.05,0.05,0.05,0.03
DDI1,382,DDI1,382,,,MVSGQDESSDKEITHSVMDSGRMVSGQDESSDKEITHSVMDSGR,4.20E+08,1.30E+08,3.30E+08,1.50E+08,4.30E+07,1.10E+08,1,0.3,0.78,1,0.29,0.71,0.33,0.34,0.34,
DDI1,133,"DDI1, DDI2","345, 337",,,"SQGLASGEKVAGLQGLGSPALIRHQCSIDLKK, SQGLASGEKVAGLQGLGSPALIRRHQCSIDLKK",6.60E+09,7.00E+08,4.40E+09,7.20E+07,1.20E+07,4.50E+07,1,0.11,0.67,1,0.16,0.63,0.13,0.2,0.16,0.19
DDI1,161,"DDI1, DDI2","345, 337",,,SMLLSNPHDLSLLKERHQCSIDLKK,1.70E+08,1.60E+07,7.90E+07,1.30E+07,1.70E+06,8.40E+06,1,0.09,0.46,1,0.13,0.65,0.13,0.16,0.14,0.22
DDI1,213,"DDI1, DDI2","345, 337",,,EAQAKIEEEIRRHQCSIDLKK,1.00E+09,3.40E+07,7.70E+08,4.00E+08,1.80E+07,2.40E+08,1,0.03,0.74,1,0.04,0.6,0.04,0.05,0.05,0.15
DDI1,77,"DDI1, DDI2","345, 337",,,DGDIVVLLQKDNVGPRHQCSIDLKK,1.10E+08,1.90E+07,7.10E+07,2.20E+08,3.20E+07,2.10E+08,1,0.18,0.65,1,0.15,0.95,0.22,0.15,0.19,0.1
"DDI1, DDI2","345, 337",DDI1,382,,,HQCSIDLKKMVSGQDESSDKEITHSVMDSGR,3.90E+08,1.90E+07,2.50E+08,4.00E+07,4.00E+06,3.70E+07,1,0.05,0.63,1,0.1,0.91,0.06,0.1,0.08,0
DDI1,"345, 346","DDI1, DDI2","346, 337",,,HQCSIDLKKKNVLVIGTTGTQTYFLPEGELPLCSR,1.20E+10,5.40E+08,8.70E+09,6.70E+09,1.90E+08,4.30E+09,1,0.04,0.72,1,0.03,0.64,0.05,0.03,0.04,
DDI1,133,DDI2,283,,,SQGLASGEKVAGLQGLGSPALIRWAGIAKGVGTQK,6.70E+07,8.40E+07,3.90E+07,1.30E+07,7.70E+06,9.10E+06,0.8,1,0.46,1,0.6,0.72,1.59,0.7,1.15,
DDI1,161,DDI2,283;289,,,SMLLSNPHDLSLLKERWAGIAKGVGTQKIIGR,4.00E+07,2.00E+07,1.70E+07,3.70E+07,9.60E+06,2.60E+07,1,0.5,0.44,1,0.26,0.69,0.69,0.3,0.5,0.13
DDI1,213,DDI2,283;289,,,EAQAKIEEEIRWAGIAKGVGTQKIIGR,6.60E+07,4.70E+06,5.00E+07,2.60E+07,3.50E+06,2.40E+07,1,0.07,0.75,1,0.13,0.9,0.08,0.14,0.11,0.01
DDI1,213,DDI2,77,,,EAQAKIEEEIRQKENADPRPPVQFPNLPR,1.00E+08,4.40E+07,6.40E+07,1.50E+08,4.60E+07,8.00E+07,1,0.43,0.64,1,0.3,0.52,0.53,0.39,0.46,
DDI1,291,DDI2,153,,,WAGVAKGVGTQRDMLLANPHELSLLKER,8.00E+08,1.30E+08,6.80E+08,2.60E+08,2.60E+07,2.10E+08,1,0.16,0.84,1,0.1,0.81,0.17,0.11,0.14,
DDI1,291,DDI2,283,,,WAGVAKGVGTQRWAGIAKGVGTQK,2.10E+09,1.00E+08,1.60E+09,8.40E+08,6.30E+07,7.10E+08,1,0.05,0.77,1,0.07,0.85,0.06,0.08,0.07,0.03
DDI1,291,DDI2,283;289,,,WAGVAKGVGTQRWAGIAKGVGTQKIIGR,1.40E+08,2.00E+07,1.70E+08,4.00E+08,6.20E+07,3.40E+08,0.86,0.12,1,1,0.15,0.85,0.13,0.17,0.15,
DDI1,291,DDI2,289,,,WAGVAKGVGTQRGVGTQKIIGR,8.40E+06,1.50E+06,5.40E+06,2.00E+07,1.90E+06,1.40E+07,1,0.18,0.65,1,0.09,0.68,0.22,0.11,0.17,0.01
DDI1,291,DDI2,77,,,WAGVAKGVGTQRQKENADPRPPVQFPNLPR,6.00E+07,1.60E+07,3.10E+07,2.30E+07,5.60E+06,1.00E+07,1,0.27,0.51,1,0.24,0.44,0.35,0.33,0.34,0
DDI1,382,DDI2,283;289,,,MVSGQDESSDKEITHSVMDSGRWAGIAKGVGTQKIIGR,1.10E+08,9.20E+06,1.10E+08,1.10E+08,1.80E+07,5.90E+07,1,0.08,0.98,1,0.17,0.54,0.08,0.22,0.15,0
DDI1,382,DDI2,389,,,MVSGQDESSDKEITHSVMDSGREDVRPEEIADQELAEALQKSAEDAER,3.40E+06,2.90E+06,4.70E+06,1.30E+07,2.30E+07,1.00E+07,0.71,0.62,1,0.54,1,0.44,0.73,2.03,1.38,
DDI2,67,DDI2,77,,,SLASYGLKDGDVVILRQKENADPRPPVQFPNLPR,1.70E+07,8.50E+06,1.40E+07,8.00E+06,6.30E+06,7.20E+06,1,0.51,0.81,1,0.78,0.89,0.56,0.82,0.69,
DDI2,77,DDI2,153,,,QKENADPRPPVQFPNLPRDMLLANPHELSLLKER,8.00E+08,5.90E+07,6.00E+08,3.80E+07,4.10E+06,1.90E+07,1,0.07,0.75,1,0.11,0.5,0.08,0.15,0.12,