Chain1,Residue1,Atom1,Chain2,Residue2,Atom2
9,209,CA,1,574,CA
9,215,CA,1,574,CA
9,215,CA,8,180,CA
9,215,CA,8,199,CA
9,222,CA,1,574,CA
9,222,CA,8,180,CA
9,222,CA,8,199,CA
9,257,CA,9,273,CA
9,257,CA,9,277,CA
9,257,CA,5,117,CA
9,257,CA,5,126,CA
9,257,CA,5,163,CA
9,264,CA,5,163,CA
9,264,CA,5,165,CA
9,264,CA,8,287,CA
9,264,CA,8,288,CA
9,273,CA,6,499,CA
9,273,CA,6,503,CA
9,273,CA,5,163,CA
9,273,CA,y,125,CA
9,273,CA,x,55,CA
9,277,CA,y,125,CA
9,277,CA,x,55,CA
1,123,CA,1,196,CA
1,124,CA,1,196,CA
1,146,CA,x,15,CA
1,148,CA,x,15,CA
1,292,CA,1,319,CA
1,302,CA,1,319,CA
1,310,CA,1,796,CA
1,319,CA,1,796,CA
1,324,CA,1,796,CA
1,720,CA,1,823,CA
1,720,CA,1,825,CA
1,720,CA,x,82,CA
1,720,CA,x,83,CA
1,842,CA,D,199,CA
1,844,CA,D,199,CA
1,849,CA,1,862,CA
1,849,CA,1,865,CA
1,861,CA,1,868,CA
1,861,CA,1,869,CA
1,862,CA,1,868,CA
1,862,CA,1,869,CA
1,865,CA,1,868,CA
1,865,CA,1,869,CA
1,868,CA,6,523,CA
1,869,CA,6,523,CA
6,14,CA,6,186,CA
6,16,CA,6,182,CA
6,16,CA,6,186,CA
6,182,CA,6,223,CA
6,186,CA,6,223,CA
6,2,CA,6,14,CA
6,2,CA,6,16,CA
6,2,CA,6,374,CA
6,2,CA,5,93,CA
6,425,CA,AB,62,CA
6,425,CA,AB,66,CA
6,492,CA,d,162,CA
6,492,CA,d,169,CA
6,499,CA,8,288,CA
6,499,CA,x,55,CA
6,503,CA,8,288,CA
6,503,CA,x,55,CA
6,54,CA,6,182,CA
6,54,CA,6,186,CA
6,76,CA,8,293,CA
6,76,CA,8,297,CA
6,80,CA,6,503,CA
6,80,CA,8,287,CA
6,80,CA,8,288,CA
6,84,CA,6,503,CA
6,84,CA,6,89,CA
6,84,CA,8,287,CA
6,84,CA,8,288,CA
6,89,CA,6,503,CA
6,89,CA,6,84,CA
6,89,CA,8,288,CA
3,103,CA,z,314,CA
3,15,CA,3,103,CA
3,15,CA,3,33,CA
3,15,CA,3,36,CA
3,15,CA,3,98,CA
3,179,CA,3,208,CA
3,179,CA,3,212,CA
3,294,CA,2,132,CA
3,295,CA,2,132,CA
3,33,CA,3,52,CA
3,33,CA,3,72,CA
3,330,CA,3,352,CA
3,330,CA,3,355,CA
3,349,CA,3,352,CA
3,349,CA,3,355,CA
3,352,CA,3,355,CA
3,355,CA,3,352,CA
3,36,CA,3,52,CA
3,36,CA,3,72,CA
3,92,CA,B,181,CA
3,92,CA,B,182,CA
3,98,CA,y,397,CA
3,98,CA,y,401,CA
3,98,CA,y,404,CA
3,98,CA,z,314,CA
5,107,CA,5,126,CA
5,107,CA,5,130,CA
5,126,CA,x,170,CA
5,130,CA,x,170,CA
5,239,CA,y,192,CA
5,346,CA,5,371,CA
5,346,CA,5,372,CA
5,349,CA,AB,62,CA
5,349,CA,AB,66,CA
5,93,CA,5,126,CA
5,93,CA,5,130,CA
5,93,CA,v,11,CA
5,93,CA,v,13,CA
8,180,CA,y,70,CA
8,180,CA,y,80,CA
8,28,CA,8,127,CA
8,33,CA,8,127,CA
8,45,CA,z,91,CA
8,45,CA,z,93,CA
2,2,CA,2,99,CA
2,99,CA,2,103,CA
2,99,CA,2,105,CA
2,99,CA,2,115,CA
v,11,CA,v,58,CA
v,11,CA,x,330,CA
v,116,CA,0,146,CA
v,116,CA,0,155,CA
v,13,CA,v,58,CA
v,13,CA,x,330,CA
v,146,CA,0,146,CA
v,146,CA,0,155,CA
v,17,CA,v,34,CA
v,20,CA,v,34,CA
v,248,CA,w,258,CA
v,248,CA,w,265,CA
v,340,CA,0,430,CA
v,340,CA,0,431,CA
v,407,CA,v,418,CA
v,407,CA,v,422,CA
v,418,CA,w,293,CA
v,418,CA,w,350,CA
v,422,CA,w,293,CA
v,422,CA,w,350,CA
v,58,CA,w,86,CA
v,58,CA,w,91,CA
v,66,CA,x,82,CA
v,66,CA,x,83,CA
w,23,CA,w,24,CA
w,258,CA,x,88,CA
w,258,CA,x,94,CA
w,265,CA,x,88,CA
w,265,CA,x,94,CA
w,387,CA,w,423,CA
w,387,CA,w,429,CA
w,413,CA,D,252,CA
w,413,CA,D,254,CA
w,413,CA,D,257,CA
w,413,CA,D,259,CA
w,423,CA,D,176,CA
w,429,CA,x,314,CA
w,429,CA,D,176,CA
w,430,CA,x,314,CA
w,86,CA,w,98,CA
w,91,CA,w,98,CA
y,273,CA,x,393,CA
y,273,CA,x,397,CA
y,273,CA,x,402,CA
y,330,CA,E,48,CA
y,330,CA,E,52,CA
y,397,CA,B,181,CA
y,397,CA,B,182,CA
y,401,CA,B,181,CA
y,401,CA,B,182,CA
y,404,CA,B,181,CA
y,404,CA,B,182,CA
y,66,CA,x,55,CA
y,69,CA,x,55,CA
z,14,CA,0,56,CA
z,15,CA,0,56,CA
z,27,CA,z,34,CA
z,27,CA,z,38,CA
z,333,CA,B,55,CA
z,333,CA,B,59,CA
z,34,CA,0,144,CA
z,34,CA,0,16,CA
z,379,CA,0,294,CA
z,379,CA,0,351,CA
z,379,CA,B,55,CA
z,379,CA,X,174,CA
z,38,CA,0,144,CA
z,38,CA,0,146,CA
z,38,CA,0,16,CA
z,383,CA,0,294,CA
z,383,CA,0,351,CA
z,383,CA,B,55,CA
z,383,CA,X,174,CA
z,387,CA,0,294,CA
z,42,CA,0,144,CA
z,42,CA,0,146,CA
x,330,CA,D,252,CA
x,330,CA,D,254,CA
x,397,CA,D,210,CA
x,402,CA,C,171,CA
x,402,CA,D,210,CA
x,403,CA,C,171,CA
x,82,CA,x,101,CA
x,83,CA,x,101,CA
x,88,CA,x,222,CA
x,94,CA,x,222,CA
B,104,CA,C,92,CA
B,116,CA,C,92,CA
B,30,CA,C,51,CA
B,30,CA,C,53,CA
B,55,CA,X,174,CA
B,59,CA,X,174,CA
C,171,CA,D,205,CA
C,171,CA,D,210,CA
C,171,CA,D,54,CA
C,176,CA,D,54,CA
C,51,CA,C,165,CA
C,53,CA,C,165,CA
D,176,CA,E,48,CA
D,176,CA,E,52,CA
D,180,CA,D,239,CA
D,187,CA,D,229,CA
D,187,CA,D,231,CA
D,187,CA,D,238,CA
D,187,CA,D,239,CA
D,187,CA,D,246,CA
D,199,CA,D,252,CA
D,199,CA,D,254,CA
D,205,CA,D,238,CA
D,210,CA,D,238,CA
D,229,CA,D,239,CA
D,231,CA,D,239,CA
D,54,CA,D,205,CA
D,54,CA,D,210,CA
E,204,CA,E,227,CA
E,204,CA,E,234,CA
E,234,CA,E,241,CA
E,234,CA,E,242,CA
E,27,CA,E,166,CA
E,28,CA,E,166,CA
E,28,CA,E,48,CA
E,28,CA,E,52,CA
G,243,CA,X,57,CA
G,256,CA,X,57,CA
X,230,CA,X,238,CA
X,230,CA,X,241,CA
d,162,CA,d,185,CA
d,162,CA,d,198,CA
d,169,CA,d,185,CA
d,169,CA,d,198,CA
f,73,CA,f,101,CA
f,73,CA,f,104,CA
9,152,CA,8,180,CA
9,154,CA,9,186,CA
9,154,CA,9,209,CA
9,154,CA,8,180,CA
9,186,CA,1,720,CA
9,186,CA,x,101,CA
9,186,CA,x,125,CA
9,209,CA,1,574,CA
9,215,CA,1,574,CA
9,215,CA,8,180,CA
9,215,CA,8,199,CA
9,222,CA,1,574,CA
9,222,CA,8,180,CA
9,223,CA,8,180,CA
9,257,CA,9,273,CA
9,264,CA,5,163,CA
9,273,CA,x,130,CA
9,273,CA,x,142,CA
9,273,CA,x,55,CA
9,277,CA,y,80,CA
9,277,CA,x,55,CA
9,281,CA,x,55,CA
1,123,CA,1,196,CA
1,136,CA,x,15,CA
1,146,CA,x,15,CA
1,292,CA,1,310,CA
1,319,CA,1,796,CA
1,324,CA,1,796,CA
1,354,CA,1,934,CA
1,357,CA,1,720,CA
1,357,CA,w,91,CA
1,543,CA,v,84,CA
1,574,CA,8,180,CA
1,574,CA,8,28,CA
1,574,CA,y,70,CA
1,720,CA,6,523,CA
1,720,CA,v,84,CA
1,720,CA,w,91,CA
1,720,CA,w,98,CA
1,720,CA,x,101,CA
1,720,CA,x,82,CA
6,182,CA,6,223,CA
6,186,CA,6,223,CA
6,2,CA,6,54,CA
6,273,CA,6,296,CA
6,296,CA,6,315,CA
6,296,CA,5,382,CA
6,315,CA,6,492,CA
6,315,CA,5,382,CA
6,315,CA,8,279,CA
6,354,CA,6,374,CA
6,374,CA,6,425,CA
6,374,CA,AB,62,CA
6,404,CA,6,440,CA
6,404,CA,5,382,CA
6,425,CA,5,349,CA
6,425,CA,AB,62,CA
6,492,CA,x,38,CA
6,503,CA,x,125,CA
6,54,CA,8,301,CA
6,54,CA,8,312,CA
6,76,CA,6,84,CA
6,89,CA,6,503,CA
6,89,CA,y,46,CA
3,103,CA,z,314,CA
3,121,CA,3,147,CA
3,15,CA,3,98,CA
3,15,CA,z,314,CA
3,160,CA,3,197,CA
3,160,CA,y,397,CA
3,179,CA,3,212,CA
3,197,CA,3,349,CA
3,221,CA,3,262,CA
3,294,CA,3,307,CA
3,294,CA,2,174,CA
3,301,CA,3,330,CA
3,307,CA,3,368,CA
3,33,CA,3,72,CA
3,330,CA,3,352,CA
3,330,CA,3,355,CA
3,349,CA,3,352,CA
3,36,CA,3,72,CA
3,368,CA,2,321,CA
3,376,CA,2,329,CA
3,441,CA,8,8,CA
3,98,CA,y,401,CA
3,98,CA,z,314,CA
5,107,CA,5,126,CA
5,126,CA,5,163,CA
5,130,CA,x,170,CA
5,284,CA,AB,66,CA
5,346,CA,5,371,CA
5,349,CA,AB,62,CA
5,349,CA,AB,66,CA
5,372,CA,5,382,CA
5,382,CA,8,279,CA
5,72,CA,5,75,CA
5,93,CA,5,126,CA
5,93,CA,5,130,CA
5,93,CA,w,413,CA
8,180,CA,8,199,CA
8,180,CA,y,70,CA
8,180,CA,y,80,CA
8,199,CA,2,361,CA
8,279,CA,8,287,CA
8,28,CA,8,127,CA
2,105,CA,z,27,CA
2,105,CA,z,34,CA
2,252,CA,2,301,CA
2,99,CA,2,105,CA
v,116,CA,y,238,CA
v,116,CA,z,206,CA
v,116,CA,0,155,CA
v,116,CA,x,222,CA
v,116,CA,x,88,CA
v,146,CA,0,155,CA
v,181,CA,v,356,CA
v,186,CA,v,340,CA
v,210,CA,0,372,CA
v,248,CA,z,206,CA
v,248,CA,x,88,CA
v,268,CA,w,24,CA
v,316,CA,0,372,CA
v,34,CA,v,46,CA
v,34,CA,w,413,CA
v,34,CA,x,170,CA
v,407,CA,v,418,CA
v,407,CA,v,422,CA
v,407,CA,E,174,CA
v,418,CA,w,293,CA
v,418,CA,E,166,CA
v,422,CA,w,293,CA
v,422,CA,w,350,CA
v,46,CA,w,61,CA
v,57,CA,w,178,CA
v,57,CA,w,48,CA
v,58,CA,w,69,CA
v,84,CA,w,91,CA
v,84,CA,w,98,CA
w,178,CA,w,237,CA
w,178,CA,w,258,CA
w,178,CA,x,287,CA
w,258,CA,z,206,CA
w,258,CA,z,72,CA
w,258,CA,x,222,CA
w,258,CA,x,88,CA
w,293,CA,w,350,CA
w,387,CA,w,420,CA
w,387,CA,w,423,CA
w,41,CA,w,178,CA
w,423,CA,E,52,CA
w,429,CA,x,314,CA
w,48,CA,w,61,CA
w,86,CA,w,98,CA
w,91,CA,w,98,CA
y,192,CA,x,335,CA
y,238,CA,z,206,CA
y,238,CA,x,222,CA
y,273,CA,y,330,CA
y,273,CA,x,393,CA
y,273,CA,x,397,CA
y,397,CA,y,404,CA
y,401,CA,y,408,CA
y,404,CA,y,409,CA
y,66,CA,y,70,CA
y,80,CA,z,68,CA
y,80,CA,x,55,CA
z,197,CA,0,276,CA
z,20,CA,z,27,CA
z,20,CA,0,16,CA
z,206,CA,x,222,CA
z,27,CA,z,34,CA
z,298,CA,B,30,CA
z,369,CA,z,373,CA
z,369,CA,0,193,CA
z,38,CA,0,144,CA
z,42,CA,0,144,CA
z,62,CA,z,93,CA
z,7,CA,z,15,CA
z,7,CA,0,53,CA
z,72,CA,0,125,CA
z,72,CA,0,300,CA
z,72,CA,x,222,CA
0,120,CA,0,146,CA
0,125,CA,x,222,CA
0,146,CA,0,276,CA
0,211,CA,0,245,CA
0,211,CA,G,256,CA
0,245,CA,0,278,CA
0,245,CA,0,372,CA
0,294,CA,0,300,CA
0,294,CA,0,351,CA
0,372,CA,0,397,CA
0,70,CA,0,74,CA
0,70,CA,0,81,CA
0,74,CA,0,81,CA
x,130,CA,x,222,CA
x,142,CA,x,335,CA
x,156,CA,x,314,CA
x,330,CA,x,335,CA
x,330,CA,x,346,CA
x,346,CA,x,393,CA
x,393,CA,x,402,CA
x,397,CA,C,171,CA
x,402,CA,C,171,CA
x,88,CA,x,222,CA
x,94,CA,x,222,CA
B,104,CA,C,92,CA
B,30,CA,B,55,CA
B,30,CA,C,53,CA
B,55,CA,X,174,CA
B,59,CA,X,183,CA
C,171,CA,D,210,CA
C,176,CA,D,54,CA
D,176,CA,E,52,CA
D,187,CA,D,229,CA
D,187,CA,D,231,CA
D,187,CA,D,238,CA
D,187,CA,D,239,CA
D,205,CA,D,238,CA
D,54,CA,D,210,CA
E,166,CA,E,174,CA
E,218,CA,d,68,CA
E,234,CA,E,241,CA
E,27,CA,E,166,CA
E,28,CA,E,166,CA
E,52,CA,E,204,CA
G,243,CA,X,57,CA
G,256,CA,X,57,CA
G,41,CA,G,217,CA
G,41,CA,X,230,CA
X,192,CA,X,238,CA
X,230,CA,X,238,CA
X,43,CA,X,183,CA
X,57,CA,X,230,CA
X,65,CA,X,230,CA
d,162,CA,d,198,CA
F,91,CA,f,184,CA
f,77,CA,f,228,CA
1,666,CA,1,807,CA
1,807,CA,1,890,CA
1,890,CA,1,666,CA
9,264,CA,5,126,CA
5,126,CA,5,163,CA
5,163,CA,9,264,CA
6,296,CA,6,315,CA
6,315,CA,5,382,CA
5,382,CA,6,296,CA
9,152,CA,9,223,CA
9,223,CA,8,180,CA
8,180,CA,9,152,CA
9,215,CA,1,574,CA
1,574,CA,8,28,CA
8,28,CA,9,215,CA
1,574,CA,8,28,CA
8,28,CA,8,127,CA
8,127,CA,1,574,CA
1,574,CA,8,180,CA
8,180,CA,8,199,CA
8,199,CA,1,574,CA
6,84,CA,6,503,CA
6,503,CA,8,288,CA
8,288,CA,6,84,CA
3,294,CA,3,303,CA
3,303,CA,2,132,CA
2,132,CA,3,294,CA
v,422,CA,w,293,CA
w,293,CA,w,350,CA
w,350,CA,v,422,CA
2,105,CA,z,27,CA
z,27,CA,z,34,CA
z,34,CA,2,105,CA
2,105,CA,z,20,CA
z,20,CA,z,27,CA
z,27,CA,2,105,CA
v,116,CA,y,238,CA
y,238,CA,z,206,CA
z,206,CA,v,116,CA
z,42,CA,0,70,CA
0,70,CA,0,81,CA
0,81,CA,z,42,CA
z,42,CA,0,70,CA
0,70,CA,0,74,CA
0,74,CA,z,42,CA
0,74,CA,0,81,CA
0,81,CA,0,70,CA
v,57,CA,w,178,CA
w,178,CA,x,287,CA
x,287,CA,v,57,CA
w,258,CA,z,72,CA
z,72,CA,x,222,CA
x,222,CA,w,258,CA
w,258,CA,0,300,CA
0,300,CA,x,222,CA
x,222,CA,w,258,CA
y,192,CA,y,306,CA
y,306,CA,x,335,CA
x,335,CA,y,192,CA
y,238,CA,z,72,CA
z,72,CA,x,222,CA
x,222,CA,y,238,CA
y,238,CA,0,125,CA
0,125,CA,x,222,CA
x,222,CA,y,238,CA
z,72,CA,0,125,CA
0,125,CA,x,222,CA
x,222,CA,z,72,CA
x,88,CA,x,130,CA
x,130,CA,x,222,CA
x,222,CA,x,88,CA
6,425,CA,5,349,CA
5,349,CA,AB,62,CA
AB,62,CA,6,425,CA
D,187,CA,D,229,CA
D,229,CA,D,239,CA
D,239,CA,D,187,CA
D,187,CA,D,231,CA
D,231,CA,D,239,CA
D,239,CA,D,187,CA
v,407,CA,v,418,CA
v,418,CA,E,166,CA
E,166,CA,v,407,CA
v,418,CA,E,27,CA
E,27,CA,E,166,CA
E,166,CA,v,418,CA
z,379,CA,B,55,CA
B,55,CA,X,174,CA
X,174,CA,z,379,CA
G,41,CA,X,65,CA
X,65,CA,X,230,CA
X,230,CA,G,41,CA
G,41,CA,X,57,CA
X,57,CA,X,230,CA
X,230,CA,G,41,CA
X,57,CA,X,230,CA
X,230,CA,X,241,CA
X,241,CA,X,57,CA
F,91,CA,f,146,CA
f,146,CA,f,184,CA
f,184,CA,F,91,CA
3,368,CA,3,376,CA
3,376,CA,2,329,CA
2,329,CA,3,368,CA
3,368,CA,3,376,CA
3,376,CA,2,321,CA
2,321,CA,3,368,CA
