Protein1,Residue1,Protein2,Residue2
RPS12,116,SERBP1,286
SERBP1,286,SERBP1,299
RPS12,116,SERBP1,299
RPL27,126,RPL7A,26
RPL27,126,SERBP1,39
RPL7A,26,SERBP1,39
RPL27,126,SERBP1,37
RPL27,126,SERBP1,39
SERBP1,37,SERBP1,39
RPL34,105,RPL7A,34
RPL34,105,SERBP1,37
RPL7A,34,SERBP1,37
RPL34,108,RPL7A,34
RPL34,108,SERBP1,37
RPL7A,34,SERBP1,37
RPL34,108,RPL7A,34
RPL34,108,SERBP1,39
RPL7A,34,SERBP1,39
RPL34,108,SERBP1,37
RPL34,108,SERBP1,39
SERBP1,37,SERBP1,39
RPL34,115,SERBP1,37
RPL34,115,SERBP1,39
SERBP1,37,SERBP1,39
RPL7A,21,SERBP1,68
RPL7A,21,SERBP1,72
SERBP1,68,SERBP1,72
RPL7A,34,SERBP1,37
RPL7A,34,SERBP1,39
SERBP1,37,SERBP1,39
SERBP1,299,SERBP1,303
SERBP1,299,SERBP1,310
SERBP1,303,SERBP1,310
SERBP1,303,SERBP1,310
SERBP1,303,SERBP1,321
SERBP1,310,SERBP1,321
SERBP1,38,SERBP1,68
SERBP1,38,SERBP1,72
SERBP1,68,SERBP1,72
SERBP1,39,SERBP1,68
SERBP1,39,SERBP1,72
SERBP1,68,SERBP1,72
