Protein1,Residue1,Protein2,Residue2
Rpn2,807,Rpn2,666
Rpn2,890,Rpn2,807
Rpn2,666,Rpn2,890
Rpt2,293,Rpt1,422
Rpt2,350,Rpt2,293
Rpt1,422,Rpt2,350
Rpt3,238,Rpt1,116
Rpt4,206,Rpt3,238
Rpt1,116,Rpt4,206
Rpt5,70,Rpt4,42
Rpt5,81,Rpt5,70
Rpt4,42,Rpt5,81
Rpt5,70,Rpt4,42
Rpt5,74,Rpt5,70
Rpt4,42,Rpt5,74
Rpt5,74,Rpt5,70
Rpt5,81,Rpt5,74
Rpt5,70,Rpt5,81
Rpt2,178,Rpt1,57
Rpt6,287,Rpt2,178
Rpt1,57,Rpt6,287
Rpt4,72,Rpt2,258
Rpt6,222,Rpt4,72
Rpt2,258,Rpt6,222
Rpt5,300,Rpt2,258
Rpt6,222,Rpt5,300
Rpt2,258,Rpt6,222
Rpt3,306,Rpt3,192
Rpt6,335,Rpt3,306
Rpt3,192,Rpt6,335
Rpt4,72,Rpt3,238
Rpt6,222,Rpt4,72
Rpt3,238,Rpt6,222
Rpt5,125,Rpt3,238
Rpt6,222,Rpt5,125
Rpt3,238,Rpt6,222
Rpt5,125,Rpt4,72
Rpt6,222,Rpt5,125
Rpt4,72,Rpt6,222
Rpt6,130,Rpt6,88
Rpt6,222,Rpt6,130
Rpt6,88,Rpt6,222